year,day_of_year,name,value
2022-23,2022-11-14,Beds occupied,93309
2022-23,2022-11-14,Beds free,6055
2022-23,2022-11-14,CC beds occupied,3047
2022-23,2022-11-14,CC beds free,959
2022-23,2022-11-15,Beds occupied,94667
2022-23,2022-11-15,Beds free,5099
2022-23,2022-11-15,CC beds occupied,3229
2022-23,2022-11-15,CC beds free,791
2022-23,2022-11-16,Beds occupied,94023
2022-23,2022-11-16,Beds free,4974
2022-23,2022-11-16,CC beds occupied,3228
2022-23,2022-11-16,CC beds free,759
2022-23,2022-11-17,Beds occupied,93909
2022-23,2022-11-17,Beds free,5005
2022-23,2022-11-17,CC beds occupied,3250
2022-23,2022-11-17,CC beds free,737
2022-23,2022-11-18,Beds occupied,93559
2022-23,2022-11-18,Beds free,5258
2022-23,2022-11-18,CC beds occupied,3258
2022-23,2022-11-18,CC beds free,752
2022-23,2022-11-19,Beds occupied,92798
2022-23,2022-11-19,Beds free,6312
2022-23,2022-11-19,CC beds occupied,3220
2022-23,2022-11-19,CC beds free,810
2022-23,2022-11-20,Beds occupied,91783
2022-23,2022-11-20,Beds free,6796
2022-23,2022-11-20,CC beds occupied,3092
2022-23,2022-11-20,CC beds free,903
2022-23,2022-11-21,Beds occupied,92459
2022-23,2022-11-21,Beds free,5737
2022-23,2022-11-21,CC beds occupied,2983
2022-23,2022-11-21,CC beds free,930
2022-23,2022-11-22,Beds occupied,94773
2022-23,2022-11-22,Beds free,5097
2022-23,2022-11-22,CC beds occupied,3237
2022-23,2022-11-22,CC beds free,782
2022-23,2022-11-23,Beds occupied,95012
2022-23,2022-11-23,Beds free,4829
2022-23,2022-11-23,CC beds occupied,3257
2022-23,2022-11-23,CC beds free,751
2022-23,2022-11-24,Beds occupied,95108
2022-23,2022-11-24,Beds free,4845
2022-23,2022-11-24,CC beds occupied,3258
2022-23,2022-11-24,CC beds free,767
2022-23,2022-11-25,Beds occupied,94965
2022-23,2022-11-25,Beds free,4927
2022-23,2022-11-25,CC beds occupied,3296
2022-23,2022-11-25,CC beds free,731
2022-23,2022-11-26,Beds occupied,92327
2022-23,2022-11-26,Beds free,6190
2022-23,2022-11-26,CC beds occupied,3172
2022-23,2022-11-26,CC beds free,823
2022-23,2022-11-27,Beds occupied,92031
2022-23,2022-11-27,Beds free,6401
2022-23,2022-11-27,CC beds occupied,3067
2022-23,2022-11-27,CC beds free,909
2022-23,2022-11-28,Beds occupied,94239
2022-23,2022-11-28,Beds free,5404
2022-23,2022-11-28,CC beds occupied,3060
2022-23,2022-11-28,CC beds free,930
2022-23,2022-11-29,Beds occupied,94305
2022-23,2022-11-29,Beds free,4952
2022-23,2022-11-29,CC beds occupied,3187
2022-23,2022-11-29,CC beds free,798
2022-23,2022-11-30,Beds occupied,94568
2022-23,2022-11-30,Beds free,4795
2022-23,2022-11-30,CC beds occupied,3261
2022-23,2022-11-30,CC beds free,749
2022-23,2022-12-01,Beds occupied,95060
2022-23,2022-12-01,Beds free,4897
2022-23,2022-12-01,CC beds occupied,3343
2022-23,2022-12-01,CC beds free,699
2022-23,2022-12-02,Beds occupied,94608
2022-23,2022-12-02,Beds free,5229
2022-23,2022-12-02,CC beds occupied,3281
2022-23,2022-12-02,CC beds free,747
2022-23,2022-12-03,Beds occupied,92937
2022-23,2022-12-03,Beds free,6369
2022-23,2022-12-03,CC beds occupied,3238
2022-23,2022-12-03,CC beds free,777
2022-23,2022-12-04,Beds occupied,92567
2022-23,2022-12-04,Beds free,6626
2022-23,2022-12-04,CC beds occupied,3115
2022-23,2022-12-04,CC beds free,869
2022-23,2022-12-05,Beds occupied,93775
2022-23,2022-12-05,Beds free,5915
2022-23,2022-12-05,CC beds occupied,3095
2022-23,2022-12-05,CC beds free,909
2022-23,2022-12-06,Beds occupied,95262
2022-23,2022-12-06,Beds free,4913
2022-23,2022-12-06,CC beds occupied,3225
2022-23,2022-12-06,CC beds free,813
2022-23,2022-12-07,Beds occupied,95127
2022-23,2022-12-07,Beds free,5089
2022-23,2022-12-07,CC beds occupied,3294
2022-23,2022-12-07,CC beds free,744
2022-23,2022-12-08,Beds occupied,95113
2022-23,2022-12-08,Beds free,5026
2022-23,2022-12-08,CC beds occupied,3331
2022-23,2022-12-08,CC beds free,722
2022-23,2022-12-09,Beds occupied,94817
2022-23,2022-12-09,Beds free,5143
2022-23,2022-12-09,CC beds occupied,3316
2022-23,2022-12-09,CC beds free,738
2022-23,2022-12-10,Beds occupied,92579
2022-23,2022-12-10,Beds free,6245
2022-23,2022-12-10,CC beds occupied,3198
2022-23,2022-12-10,CC beds free,815
2022-23,2022-12-11,Beds occupied,92627
2022-23,2022-12-11,Beds free,6085
2022-23,2022-12-11,CC beds occupied,3104
2022-23,2022-12-11,CC beds free,878
2021-22,2022-11-29,Beds occupied,88934
2021-22,2022-11-29,Beds free,7381
2021-22,2022-11-29,CC beds occupied,3235
2021-22,2022-11-29,CC beds free,885
2021-22,2022-11-30,Beds occupied,90051
2021-22,2022-11-30,Beds free,6485
2021-22,2022-11-30,CC beds occupied,3357
2021-22,2022-11-30,CC beds free,777
2021-22,2022-12-09,Beds occupied,91266
2021-22,2022-12-09,Beds free,5748
2021-22,2022-12-09,CC beds occupied,3412
2021-22,2022-12-09,CC beds free,743
2021-22,2023-03-09,Beds occupied,91648
2021-22,2023-03-09,Beds free,6543
2021-22,2023-03-09,CC beds occupied,3158
2021-22,2023-03-09,CC beds free,975
2021-22,2023-03-10,Beds occupied,91194
2021-22,2023-03-10,Beds free,6835
2021-22,2023-03-10,CC beds occupied,3154
2021-22,2023-03-10,CC beds free,943
2021-22,2023-03-11,Beds occupied,90739
2021-22,2023-03-11,Beds free,7210
2021-22,2023-03-11,CC beds occupied,3137
2021-22,2023-03-11,CC beds free,935
2021-22,2023-03-12,Beds occupied,88944
2021-22,2023-03-12,Beds free,8433
2021-22,2023-03-12,CC beds occupied,3036
2021-22,2023-03-12,CC beds free,1059
2021-22,2023-03-13,Beds occupied,88921
2021-22,2023-03-13,Beds free,8383
2021-22,2023-03-13,CC beds occupied,2913
2021-22,2023-03-13,CC beds free,1154
2021-22,2023-03-14,Beds occupied,90484
2021-22,2023-03-14,Beds free,7370
2021-22,2023-03-14,CC beds occupied,2909
2021-22,2023-03-14,CC beds free,1127
2021-22,2023-03-15,Beds occupied,91731
2021-22,2023-03-15,Beds free,6385
2021-22,2023-03-15,CC beds occupied,3087
2021-22,2023-03-15,CC beds free,992
2021-22,2023-03-16,Beds occupied,91609
2021-22,2023-03-16,Beds free,6429
2021-22,2023-03-16,CC beds occupied,3120
2021-22,2023-03-16,CC beds free,963
2021-22,2023-03-17,Beds occupied,91238
2021-22,2023-03-17,Beds free,6821
2021-22,2023-03-17,CC beds occupied,3138
2021-22,2023-03-17,CC beds free,955
2021-22,2023-03-18,Beds occupied,90558
2021-22,2023-03-18,Beds free,7148
2021-22,2023-03-18,CC beds occupied,3102
2021-22,2023-03-18,CC beds free,974
2021-22,2022-12-10,Beds occupied,90616
2021-22,2022-12-10,Beds free,6213
2021-22,2022-12-10,CC beds occupied,3432
2021-22,2022-12-10,CC beds free,757
2021-22,2023-03-19,Beds occupied,88303
2021-22,2023-03-19,Beds free,8860
2021-22,2023-03-19,CC beds occupied,3039
2021-22,2023-03-19,CC beds free,1049
2021-22,2023-03-20,Beds occupied,88133
2021-22,2023-03-20,Beds free,8932
2021-22,2023-03-20,CC beds occupied,2900
2021-22,2023-03-20,CC beds free,1160
2021-22,2023-03-21,Beds occupied,89406
2021-22,2023-03-21,Beds free,7598
2021-22,2023-03-21,CC beds occupied,2904
2021-22,2023-03-21,CC beds free,1115
2021-22,2023-03-22,Beds occupied,90971
2021-22,2023-03-22,Beds free,6776
2021-22,2023-03-22,CC beds occupied,3068
2021-22,2023-03-22,CC beds free,980
2021-22,2023-03-23,Beds occupied,90773
2021-22,2023-03-23,Beds free,6871
2021-22,2023-03-23,CC beds occupied,3116
2021-22,2023-03-23,CC beds free,959
2021-22,2023-03-24,Beds occupied,90298
2021-22,2023-03-24,Beds free,7221
2021-22,2023-03-24,CC beds occupied,3201
2021-22,2023-03-24,CC beds free,927
2021-22,2023-03-25,Beds occupied,89361
2021-22,2023-03-25,Beds free,7237
2021-22,2023-03-25,CC beds occupied,3102
2021-22,2023-03-25,CC beds free,932
2021-22,2023-03-26,Beds occupied,87233
2021-22,2023-03-26,Beds free,8859
2021-22,2023-03-26,CC beds occupied,3040
2021-22,2023-03-26,CC beds free,981
2021-22,2023-03-27,Beds occupied,86391
2021-22,2023-03-27,Beds free,9841
2021-22,2023-03-27,CC beds occupied,2916
2021-22,2023-03-27,CC beds free,1105
2021-22,2023-03-28,Beds occupied,89540
2021-22,2023-03-28,Beds free,7565
2021-22,2023-03-28,CC beds occupied,2902
2021-22,2023-03-28,CC beds free,1115
2021-22,2022-12-11,Beds occupied,88708
2021-22,2022-12-11,Beds free,7460
2021-22,2022-12-11,CC beds occupied,3358
2021-22,2022-12-11,CC beds free,805
2021-22,2023-03-29,Beds occupied,91137
2021-22,2023-03-29,Beds free,6629
2021-22,2023-03-29,CC beds occupied,3051
2021-22,2023-03-29,CC beds free,1010
2021-22,2023-03-30,Beds occupied,91114
2021-22,2023-03-30,Beds free,6757
2021-22,2023-03-30,CC beds occupied,3129
2021-22,2023-03-30,CC beds free,938
2021-22,2023-03-31,Beds occupied,91172
2021-22,2023-03-31,Beds free,6698
2021-22,2023-03-31,CC beds occupied,3136
2021-22,2023-03-31,CC beds free,932
2021-22,2023-04-01,Beds occupied,90659
2021-22,2023-04-01,Beds free,7027
2021-22,2023-04-01,CC beds occupied,3180
2021-22,2023-04-01,CC beds free,893
2021-22,2023-04-02,Beds occupied,88953
2021-22,2023-04-02,Beds free,8363
2021-22,2023-04-02,CC beds occupied,3088
2021-22,2023-04-02,CC beds free,967
2021-22,2023-04-03,Beds occupied,89241
2021-22,2023-04-03,Beds free,8291
2021-22,2023-04-03,CC beds occupied,3010
2021-22,2023-04-03,CC beds free,1055
2021-22,2022-12-12,Beds occupied,88294
2021-22,2022-12-12,Beds free,7698
2021-22,2022-12-12,CC beds occupied,3240
2021-22,2022-12-12,CC beds free,855
2021-22,2022-12-13,Beds occupied,89996
2021-22,2022-12-13,Beds free,6848
2021-22,2022-12-13,CC beds occupied,3259
2021-22,2022-12-13,CC beds free,865
2021-22,2022-12-14,Beds occupied,91089
2021-22,2022-12-14,Beds free,5955
2021-22,2022-12-14,CC beds occupied,3416
2021-22,2022-12-14,CC beds free,755
2021-22,2022-12-15,Beds occupied,90631
2021-22,2022-12-15,Beds free,6416
2021-22,2022-12-15,CC beds occupied,3364
2021-22,2022-12-15,CC beds free,787
2021-22,2022-12-16,Beds occupied,89893
2021-22,2022-12-16,Beds free,6877
2021-22,2022-12-16,CC beds occupied,3363
2021-22,2022-12-16,CC beds free,783
2021-22,2022-12-17,Beds occupied,89156
2021-22,2022-12-17,Beds free,7523
2021-22,2022-12-17,CC beds occupied,3348
2021-22,2022-12-17,CC beds free,812
2021-22,2022-12-18,Beds occupied,85995
2021-22,2022-12-18,Beds free,9659
2021-22,2022-12-18,CC beds occupied,3267
2021-22,2022-12-18,CC beds free,864
2021-22,2022-12-01,Beds occupied,89471
2021-22,2022-12-01,Beds free,6081
2021-22,2022-12-01,CC beds occupied,3355
2021-22,2022-12-01,CC beds free,736
2021-22,2022-12-19,Beds occupied,85886
2021-22,2022-12-19,Beds free,9918
2021-22,2022-12-19,CC beds occupied,3151
2021-22,2022-12-19,CC beds free,984
2021-22,2022-12-20,Beds occupied,87354
2021-22,2022-12-20,Beds free,8726
2021-22,2022-12-20,CC beds occupied,3044
2021-22,2022-12-20,CC beds free,1019
2021-22,2022-12-21,Beds occupied,87296
2021-22,2022-12-21,Beds free,8700
2021-22,2022-12-21,CC beds occupied,3132
2021-22,2022-12-21,CC beds free,947
2021-22,2022-12-22,Beds occupied,86211
2021-22,2022-12-22,Beds free,9664
2021-22,2022-12-22,CC beds occupied,3185
2021-22,2022-12-22,CC beds free,944
2021-22,2022-12-23,Beds occupied,83961
2021-22,2022-12-23,Beds free,11380
2021-22,2022-12-23,CC beds occupied,3127
2021-22,2022-12-23,CC beds free,984
2021-22,2022-12-24,Beds occupied,80507
2021-22,2022-12-24,Beds free,14162
2021-22,2022-12-24,CC beds occupied,3092
2021-22,2022-12-24,CC beds free,976
2021-22,2022-12-25,Beds occupied,72745
2021-22,2022-12-25,Beds free,20344
2021-22,2022-12-25,CC beds occupied,2960
2021-22,2022-12-25,CC beds free,1111
2021-22,2022-12-26,Beds occupied,73367
2021-22,2022-12-26,Beds free,19862
2021-22,2022-12-26,CC beds occupied,2866
2021-22,2022-12-26,CC beds free,1168
2021-22,2022-12-27,Beds occupied,77362
2021-22,2022-12-27,Beds free,16224
2021-22,2022-12-27,CC beds occupied,2853
2021-22,2022-12-27,CC beds free,1191
2021-22,2022-12-28,Beds occupied,80978
2021-22,2022-12-28,Beds free,13060
2021-22,2022-12-28,CC beds occupied,2978
2021-22,2022-12-28,CC beds free,1116
2021-22,2022-12-02,Beds occupied,90173
2021-22,2022-12-02,Beds free,6407
2021-22,2022-12-02,CC beds occupied,3395
2021-22,2022-12-02,CC beds free,751
2021-22,2022-12-29,Beds occupied,84050
2021-22,2022-12-29,Beds free,10753
2021-22,2022-12-29,CC beds occupied,2991
2021-22,2022-12-29,CC beds free,1099
2021-22,2022-12-30,Beds occupied,86000
2021-22,2022-12-30,Beds free,9082
2021-22,2022-12-30,CC beds occupied,3101
2021-22,2022-12-30,CC beds free,992
2021-22,2022-12-31,Beds occupied,86152
2021-22,2022-12-31,Beds free,8933
2021-22,2022-12-31,CC beds occupied,3169
2021-22,2022-12-31,CC beds free,932
2021-22,2023-01-01,Beds occupied,83495
2021-22,2023-01-01,Beds free,10837
2021-22,2023-01-01,CC beds occupied,3113
2021-22,2023-01-01,CC beds free,967
2021-22,2023-01-02,Beds occupied,84281
2021-22,2023-01-02,Beds free,10143
2021-22,2023-01-02,CC beds occupied,3055
2021-22,2023-01-02,CC beds free,1037
2021-22,2023-01-03,Beds occupied,85779
2021-22,2023-01-03,Beds free,9179
2021-22,2023-01-03,CC beds occupied,3098
2021-22,2023-01-03,CC beds free,999
2021-22,2023-01-04,Beds occupied,88203
2021-22,2023-01-04,Beds free,7894
2021-22,2023-01-04,CC beds occupied,3086
2021-22,2023-01-04,CC beds free,991
2021-22,2023-01-05,Beds occupied,89309
2021-22,2023-01-05,Beds free,7040
2021-22,2023-01-05,CC beds occupied,3207
2021-22,2023-01-05,CC beds free,924
2021-22,2023-01-06,Beds occupied,89257
2021-22,2023-01-06,Beds free,7268
2021-22,2023-01-06,CC beds occupied,3245
2021-22,2023-01-06,CC beds free,905
2021-22,2023-01-07,Beds occupied,88799
2021-22,2023-01-07,Beds free,7854
2021-22,2023-01-07,CC beds occupied,3256
2021-22,2023-01-07,CC beds free,887
2021-22,2022-12-03,Beds occupied,89940
2021-22,2022-12-03,Beds free,6713
2021-22,2022-12-03,CC beds occupied,3367
2021-22,2022-12-03,CC beds free,782
2021-22,2023-01-08,Beds occupied,86918
2021-22,2023-01-08,Beds free,9322
2021-22,2023-01-08,CC beds occupied,3183
2021-22,2023-01-08,CC beds free,943
2021-22,2023-01-09,Beds occupied,87106
2021-22,2023-01-09,Beds free,9164
2021-22,2023-01-09,CC beds occupied,3123
2021-22,2023-01-09,CC beds free,971
2021-22,2023-01-10,Beds occupied,88911
2021-22,2023-01-10,Beds free,7860
2021-22,2023-01-10,CC beds occupied,3015
2021-22,2023-01-10,CC beds free,1039
2021-22,2023-01-11,Beds occupied,89942
2021-22,2023-01-11,Beds free,7099
2021-22,2023-01-11,CC beds occupied,3195
2021-22,2023-01-11,CC beds free,919
2021-22,2023-01-12,Beds occupied,89646
2021-22,2023-01-12,Beds free,7401
2021-22,2023-01-12,CC beds occupied,3205
2021-22,2023-01-12,CC beds free,929
2021-22,2023-01-13,Beds occupied,89014
2021-22,2023-01-13,Beds free,7755
2021-22,2023-01-13,CC beds occupied,3230
2021-22,2023-01-13,CC beds free,913
2021-22,2023-01-14,Beds occupied,88617
2021-22,2023-01-14,Beds free,8010
2021-22,2023-01-14,CC beds occupied,3167
2021-22,2023-01-14,CC beds free,949
2021-22,2023-01-15,Beds occupied,87054
2021-22,2023-01-15,Beds free,9176
2021-22,2023-01-15,CC beds occupied,3115
2021-22,2023-01-15,CC beds free,1003
2021-22,2023-01-16,Beds occupied,86898
2021-22,2023-01-16,Beds free,9319
2021-22,2023-01-16,CC beds occupied,2984
2021-22,2023-01-16,CC beds free,1107
2021-22,2023-01-17,Beds occupied,88541
2021-22,2023-01-17,Beds free,7893
2021-22,2023-01-17,CC beds occupied,3000
2021-22,2023-01-17,CC beds free,1120
2021-22,2022-12-04,Beds occupied,87769
2021-22,2022-12-04,Beds free,7920
2021-22,2022-12-04,CC beds occupied,3301
2021-22,2022-12-04,CC beds free,804
2021-22,2023-01-18,Beds occupied,89464
2021-22,2023-01-18,Beds free,7268
2021-22,2023-01-18,CC beds occupied,3142
2021-22,2023-01-18,CC beds free,983
2021-22,2023-01-19,Beds occupied,89351
2021-22,2023-01-19,Beds free,7449
2021-22,2023-01-19,CC beds occupied,3109
2021-22,2023-01-19,CC beds free,1013
2021-22,2023-01-20,Beds occupied,89299
2021-22,2023-01-20,Beds free,7407
2021-22,2023-01-20,CC beds occupied,3092
2021-22,2023-01-20,CC beds free,1013
2021-22,2023-01-21,Beds occupied,88728
2021-22,2023-01-21,Beds free,7929
2021-22,2023-01-21,CC beds occupied,3088
2021-22,2023-01-21,CC beds free,1018
2021-22,2023-01-22,Beds occupied,86943
2021-22,2023-01-22,Beds free,9336
2021-22,2023-01-22,CC beds occupied,3040
2021-22,2023-01-22,CC beds free,1055
2021-22,2023-01-23,Beds occupied,87086
2021-22,2023-01-23,Beds free,9260
2021-22,2023-01-23,CC beds occupied,2932
2021-22,2023-01-23,CC beds free,1130
2021-22,2023-01-24,Beds occupied,88990
2021-22,2023-01-24,Beds free,7748
2021-22,2023-01-24,CC beds occupied,2857
2021-22,2023-01-24,CC beds free,1158
2021-22,2023-01-25,Beds occupied,90012
2021-22,2023-01-25,Beds free,7015
2021-22,2023-01-25,CC beds occupied,3025
2021-22,2023-01-25,CC beds free,1057
2021-22,2023-01-26,Beds occupied,90272
2021-22,2023-01-26,Beds free,6905
2021-22,2023-01-26,CC beds occupied,3055
2021-22,2023-01-26,CC beds free,1062
2021-22,2023-01-27,Beds occupied,89941
2021-22,2023-01-27,Beds free,7180
2021-22,2023-01-27,CC beds occupied,3084
2021-22,2023-01-27,CC beds free,1017
2021-22,2022-12-05,Beds occupied,88476
2021-22,2022-12-05,Beds free,7646
2021-22,2022-12-05,CC beds occupied,3229
2021-22,2022-12-05,CC beds free,878
2021-22,2023-01-28,Beds occupied,89688
2021-22,2023-01-28,Beds free,7427
2021-22,2023-01-28,CC beds occupied,3072
2021-22,2023-01-28,CC beds free,1018
2021-22,2023-01-29,Beds occupied,88082
2021-22,2023-01-29,Beds free,8555
2021-22,2023-01-29,CC beds occupied,3050
2021-22,2023-01-29,CC beds free,1020
2021-22,2023-01-30,Beds occupied,87920
2021-22,2023-01-30,Beds free,8863
2021-22,2023-01-30,CC beds occupied,2967
2021-22,2023-01-30,CC beds free,1082
2021-22,2023-01-31,Beds occupied,90006
2021-22,2023-01-31,Beds free,7523
2021-22,2023-01-31,CC beds occupied,2947
2021-22,2023-01-31,CC beds free,1114
2021-22,2023-02-01,Beds occupied,91163
2021-22,2023-02-01,Beds free,6468
2021-22,2023-02-01,CC beds occupied,3071
2021-22,2023-02-01,CC beds free,999
2021-22,2023-02-02,Beds occupied,91212
2021-22,2023-02-02,Beds free,6335
2021-22,2023-02-02,CC beds occupied,3119
2021-22,2023-02-02,CC beds free,966
2021-22,2023-02-03,Beds occupied,91021
2021-22,2023-02-03,Beds free,6689
2021-22,2023-02-03,CC beds occupied,3108
2021-22,2023-02-03,CC beds free,977
2021-22,2023-02-04,Beds occupied,90489
2021-22,2023-02-04,Beds free,6968
2021-22,2023-02-04,CC beds occupied,3130
2021-22,2023-02-04,CC beds free,969
2021-22,2023-02-05,Beds occupied,88869
2021-22,2023-02-05,Beds free,8174
2021-22,2023-02-05,CC beds occupied,3086
2021-22,2023-02-05,CC beds free,1016
2021-22,2023-02-06,Beds occupied,88544
2021-22,2023-02-06,Beds free,8423
2021-22,2023-02-06,CC beds occupied,2987
2021-22,2023-02-06,CC beds free,1096
2021-22,2022-12-06,Beds occupied,89967
2021-22,2022-12-06,Beds free,6781
2021-22,2022-12-06,CC beds occupied,3180
2021-22,2022-12-06,CC beds free,903
2021-22,2023-02-07,Beds occupied,90192
2021-22,2023-02-07,Beds free,7413
2021-22,2023-02-07,CC beds occupied,2929
2021-22,2023-02-07,CC beds free,1115
2021-22,2023-02-08,Beds occupied,91240
2021-22,2023-02-08,Beds free,6666
2021-22,2023-02-08,CC beds occupied,3071
2021-22,2023-02-08,CC beds free,1025
2021-22,2023-02-09,Beds occupied,90573
2021-22,2023-02-09,Beds free,6691
2021-22,2023-02-09,CC beds occupied,3115
2021-22,2023-02-09,CC beds free,917
2021-22,2023-02-10,Beds occupied,90302
2021-22,2023-02-10,Beds free,6838
2021-22,2023-02-10,CC beds occupied,3158
2021-22,2023-02-10,CC beds free,894
2021-22,2023-02-11,Beds occupied,89639
2021-22,2023-02-11,Beds free,7286
2021-22,2023-02-11,CC beds occupied,3119
2021-22,2023-02-11,CC beds free,953
2021-22,2023-02-12,Beds occupied,87628
2021-22,2023-02-12,Beds free,8617
2021-22,2023-02-12,CC beds occupied,3049
2021-22,2023-02-12,CC beds free,995
2021-22,2023-02-13,Beds occupied,87576
2021-22,2023-02-13,Beds free,8816
2021-22,2023-02-13,CC beds occupied,2942
2021-22,2023-02-13,CC beds free,1097
2021-22,2023-02-14,Beds occupied,90089
2021-22,2023-02-14,Beds free,7508
2021-22,2023-02-14,CC beds occupied,2919
2021-22,2023-02-14,CC beds free,1129
2021-22,2023-02-15,Beds occupied,91019
2021-22,2023-02-15,Beds free,6755
2021-22,2023-02-15,CC beds occupied,3003
2021-22,2023-02-15,CC beds free,1011
2021-22,2023-02-16,Beds occupied,91136
2021-22,2023-02-16,Beds free,6769
2021-22,2023-02-16,CC beds occupied,3072
2021-22,2023-02-16,CC beds free,955
2021-22,2022-12-07,Beds occupied,91116
2021-22,2022-12-07,Beds free,5893
2021-22,2022-12-07,CC beds occupied,3356
2021-22,2022-12-07,CC beds free,821
2021-22,2023-02-17,Beds occupied,91112
2021-22,2023-02-17,Beds free,6789
2021-22,2023-02-17,CC beds occupied,3109
2021-22,2023-02-17,CC beds free,934
2021-22,2023-02-18,Beds occupied,90368
2021-22,2023-02-18,Beds free,7496
2021-22,2023-02-18,CC beds occupied,3155
2021-22,2023-02-18,CC beds free,935
2021-22,2023-02-19,Beds occupied,88934
2021-22,2023-02-19,Beds free,8595
2021-22,2023-02-19,CC beds occupied,3077
2021-22,2023-02-19,CC beds free,998
2021-22,2023-02-20,Beds occupied,88597
2021-22,2023-02-20,Beds free,8995
2021-22,2023-02-20,CC beds occupied,2973
2021-22,2023-02-20,CC beds free,1068
2021-22,2023-02-21,Beds occupied,90385
2021-22,2023-02-21,Beds free,7470
2021-22,2023-02-21,CC beds occupied,2955
2021-22,2023-02-21,CC beds free,1064
2021-22,2023-02-22,Beds occupied,91457
2021-22,2023-02-22,Beds free,6750
2021-22,2023-02-22,CC beds occupied,3068
2021-22,2023-02-22,CC beds free,979
2021-22,2023-02-23,Beds occupied,91488
2021-22,2023-02-23,Beds free,6778
2021-22,2023-02-23,CC beds occupied,3126
2021-22,2023-02-23,CC beds free,954
2021-22,2023-02-24,Beds occupied,91017
2021-22,2023-02-24,Beds free,7015
2021-22,2023-02-24,CC beds occupied,3147
2021-22,2023-02-24,CC beds free,931
2021-22,2023-02-25,Beds occupied,90487
2021-22,2023-02-25,Beds free,7479
2021-22,2023-02-25,CC beds occupied,3099
2021-22,2023-02-25,CC beds free,970
2021-22,2023-02-26,Beds occupied,88720
2021-22,2023-02-26,Beds free,8849
2021-22,2023-02-26,CC beds occupied,3034
2021-22,2023-02-26,CC beds free,1031
2021-22,2022-12-08,Beds occupied,91323
2021-22,2022-12-08,Beds free,5801
2021-22,2022-12-08,CC beds occupied,3419
2021-22,2022-12-08,CC beds free,756
2021-22,2023-02-27,Beds occupied,88584
2021-22,2023-02-27,Beds free,8779
2021-22,2023-02-27,CC beds occupied,2937
2021-22,2023-02-27,CC beds free,1081
2021-22,2023-02-28,Beds occupied,90541
2021-22,2023-02-28,Beds free,7300
2021-22,2023-02-28,CC beds occupied,2894
2021-22,2023-02-28,CC beds free,1123
2021-22,2023-03-01,Beds occupied,91668
2021-22,2023-03-01,Beds free,6480
2021-22,2023-03-01,CC beds occupied,3071
2021-22,2023-03-01,CC beds free,993
2021-22,2023-03-02,Beds occupied,91655
2021-22,2023-03-02,Beds free,6529
2021-22,2023-03-02,CC beds occupied,3133
2021-22,2023-03-02,CC beds free,959
2021-22,2023-03-03,Beds occupied,91290
2021-22,2023-03-03,Beds free,6775
2021-22,2023-03-03,CC beds occupied,3107
2021-22,2023-03-03,CC beds free,965
2021-22,2023-03-04,Beds occupied,90683
2021-22,2023-03-04,Beds free,7064
2021-22,2023-03-04,CC beds occupied,3121
2021-22,2023-03-04,CC beds free,959
2021-22,2023-03-05,Beds occupied,88658
2021-22,2023-03-05,Beds free,8636
2021-22,2023-03-05,CC beds occupied,3041
2021-22,2023-03-05,CC beds free,1031
2021-22,2023-03-06,Beds occupied,88564
2021-22,2023-03-06,Beds free,8688
2021-22,2023-03-06,CC beds occupied,2938
2021-22,2023-03-06,CC beds free,1125
2021-22,2023-03-07,Beds occupied,90471
2021-22,2023-03-07,Beds free,7356
2021-22,2023-03-07,CC beds occupied,2909
2021-22,2023-03-07,CC beds free,1124
2021-22,2023-03-08,Beds occupied,90818
2021-22,2023-03-08,Beds free,6323
2021-22,2023-03-08,CC beds occupied,2910
2021-22,2023-03-08,CC beds free,1052
2021-22,2023-03-28,Beds occupied,NA
2021-22,2023-03-28,Beds free,NA
2021-22,2023-03-28,CC beds occupied,NA
2021-22,2023-03-28,CC beds free,NA
2021-22,2023-03-29,Beds occupied,NA
2021-22,2023-03-29,Beds free,NA
2021-22,2023-03-29,CC beds occupied,NA
2021-22,2023-03-29,CC beds free,NA
2021-22,2023-03-30,Beds occupied,NA
2021-22,2023-03-30,Beds free,NA
2021-22,2023-03-30,CC beds occupied,NA
2021-22,2023-03-30,CC beds free,NA
2021-22,2023-03-31,Beds occupied,NA
2021-22,2023-03-31,Beds free,NA
2021-22,2023-03-31,CC beds occupied,NA
2021-22,2023-03-31,CC beds free,NA
2021-22,2023-04-01,Beds occupied,NA
2021-22,2023-04-01,Beds free,NA
2021-22,2023-04-01,CC beds occupied,NA
2021-22,2023-04-01,CC beds free,NA
2021-22,2023-04-02,Beds occupied,NA
2021-22,2023-04-02,Beds free,NA
2021-22,2023-04-02,CC beds occupied,NA
2021-22,2023-04-02,CC beds free,NA
2021-22,2023-04-03,Beds occupied,NA
2021-22,2023-04-03,Beds free,NA
2021-22,2023-04-03,CC beds occupied,NA
2021-22,2023-04-03,CC beds free,NA
2015-16 to 2020-21,2022-11-02,Beds free,12169
2015-16 to 2020-21,2022-11-03,Beds free,10374
2015-16 to 2020-21,2022-11-04,Beds free,10353
2015-16 to 2020-21,2022-11-05,Beds free,10908
2015-16 to 2020-21,2022-11-06,Beds free,11260
2015-16 to 2020-21,2022-11-07,Beds free,12602
2015-16 to 2020-21,2022-11-08,Beds free,12597
2015-16 to 2020-21,2022-11-09,Beds free,11301
2015-16 to 2020-21,2022-11-10,Beds free,9757
2015-16 to 2020-21,2022-11-11,Beds free,9872
2015-16 to 2020-21,2022-11-12,Beds free,9670
2015-16 to 2020-21,2022-11-13,Beds free,10203
2015-16 to 2020-21,2022-11-14,Beds free,11892
2015-16 to 2020-21,2022-11-15,Beds free,12176
2015-16 to 2020-21,2022-11-16,Beds free,10721
2015-16 to 2020-21,2022-11-17,Beds free,9572
2015-16 to 2020-21,2022-11-18,Beds free,9615
2015-16 to 2020-21,2022-11-19,Beds free,10348
2015-16 to 2020-21,2022-11-20,Beds free,4592
2015-16 to 2020-21,2022-11-21,Beds free,4390
2015-16 to 2020-21,2022-11-22,Beds free,4380
2015-16 to 2020-21,2022-11-23,Beds free,4946
2015-16 to 2020-21,2022-11-24,Beds free,6759
2015-16 to 2020-21,2022-11-25,Beds free,6918
2015-16 to 2020-21,2022-11-26,Beds free,5658
2015-16 to 2020-21,2022-11-27,Beds free,4556
2015-16 to 2020-21,2022-11-28,Beds free,4396
2015-16 to 2020-21,2022-11-29,Beds free,4861
2015-16 to 2020-21,2022-11-30,Beds free,5214
2015-16 to 2020-21,2022-12-01,Beds free,5289
2015-16 to 2020-21,2022-12-02,Beds free,4770.5
2015-16 to 2020-21,2022-12-03,Beds free,4870
2015-16 to 2020-21,2022-12-04,Beds free,4548
2015-16 to 2020-21,2022-12-05,Beds free,4753
2015-16 to 2020-21,2022-12-06,Beds free,4517
2015-16 to 2020-21,2022-12-07,Beds free,4499
2015-16 to 2020-21,2022-12-08,Beds free,4664
2015-16 to 2020-21,2022-12-09,Beds free,4677
2015-16 to 2020-21,2022-12-10,Beds free,4966
2015-16 to 2020-21,2022-12-11,Beds free,4454
2015-16 to 2020-21,2022-12-12,Beds free,4333
2015-16 to 2020-21,2022-12-13,Beds free,4239
2015-16 to 2020-21,2022-12-14,Beds free,5230
2015-16 to 2020-21,2022-12-15,Beds free,4760
2015-16 to 2020-21,2022-12-16,Beds free,5393
2015-16 to 2020-21,2022-12-17,Beds free,5044
2015-16 to 2020-21,2022-12-18,Beds free,5398
2015-16 to 2020-21,2022-12-19,Beds free,5016
2015-16 to 2020-21,2022-12-20,Beds free,6400
2015-16 to 2020-21,2022-12-21,Beds free,7082
2015-16 to 2020-21,2022-12-22,Beds free,NA
2015-16 to 2020-21,2022-12-23,Beds free,NA
2015-16 to 2020-21,2022-12-24,Beds free,NA
2015-16 to 2020-21,2022-12-25,Beds free,NA
2015-16 to 2020-21,2022-12-26,Beds free,11033
2015-16 to 2020-21,2022-12-27,Beds free,8845
2015-16 to 2020-21,2022-12-28,Beds free,7507
2015-16 to 2020-21,2022-12-29,Beds free,6970
2015-16 to 2020-21,2022-12-30,Beds free,6653
2015-16 to 2020-21,2022-12-31,Beds free,6629
2015-16 to 2020-21,2023-01-01,Beds free,6162
2015-16 to 2020-21,2023-01-02,Beds free,5349
2015-16 to 2020-21,2023-01-03,Beds free,5425
2015-16 to 2020-21,2023-01-04,Beds free,4521
2015-16 to 2020-21,2023-01-05,Beds free,4647
2015-16 to 2020-21,2023-01-06,Beds free,4554
2015-16 to 2020-21,2023-01-07,Beds free,4513
2015-16 to 2020-21,2023-01-08,Beds free,4376
2015-16 to 2020-21,2023-01-09,Beds free,4251
2015-16 to 2020-21,2023-01-10,Beds free,4463
2015-16 to 2020-21,2023-01-11,Beds free,4446
2015-16 to 2020-21,2023-01-12,Beds free,4902
2015-16 to 2020-21,2023-01-13,Beds free,5030
2015-16 to 2020-21,2023-01-14,Beds free,4783
2015-16 to 2020-21,2023-01-15,Beds free,4408
2015-16 to 2020-21,2023-01-16,Beds free,4460
2015-16 to 2020-21,2023-01-17,Beds free,4742
2015-16 to 2020-21,2023-01-18,Beds free,4912
2015-16 to 2020-21,2023-01-19,Beds free,4988
2015-16 to 2020-21,2023-01-20,Beds free,4720
2015-16 to 2020-21,2023-01-21,Beds free,NA
2015-16 to 2020-21,2023-01-22,Beds free,4462
2015-16 to 2020-21,2023-01-23,Beds free,4350
2015-16 to 2020-21,2023-01-24,Beds free,4175
2015-16 to 2020-21,2023-01-25,Beds free,4316
2015-16 to 2020-21,2023-01-26,Beds free,4778
2015-16 to 2020-21,2023-01-27,Beds free,4532
2015-16 to 2020-21,2023-01-28,Beds free,4488
2015-16 to 2020-21,2023-01-29,Beds free,4270
2015-16 to 2020-21,2023-01-30,Beds free,4205
2015-16 to 2020-21,2023-01-31,Beds free,4471
2015-16 to 2020-21,2023-02-01,Beds free,4161
2015-16 to 2020-21,2023-02-02,Beds free,4067
2015-16 to 2020-21,2023-02-03,Beds free,NA
2015-16 to 2020-21,2023-02-04,Beds free,NA
2015-16 to 2020-21,2023-02-05,Beds free,4420
2015-16 to 2020-21,2023-02-06,Beds free,4130
2015-16 to 2020-21,2023-02-07,Beds free,4435
2015-16 to 2020-21,2023-02-08,Beds free,4600
2015-16 to 2020-21,2023-02-09,Beds free,4841
2015-16 to 2020-21,2023-02-10,Beds free,4899
2015-16 to 2020-21,2023-02-11,Beds free,4782
2015-16 to 2020-21,2023-02-12,Beds free,4377
2015-16 to 2020-21,2023-02-13,Beds free,4647
2015-16 to 2020-21,2023-02-14,Beds free,4838
2015-16 to 2020-21,2023-02-15,Beds free,4899
2015-16 to 2020-21,2023-02-16,Beds free,5381
2015-16 to 2020-21,2023-02-17,Beds free,5219
2015-16 to 2020-21,2023-02-18,Beds free,4800
2015-16 to 2020-21,2023-02-19,Beds free,4891
2015-16 to 2020-21,2023-02-20,Beds free,4789
2015-16 to 2020-21,2023-02-21,Beds free,4530
2015-16 to 2020-21,2023-02-22,Beds free,4562
2015-16 to 2020-21,2023-02-23,Beds free,5009
2015-16 to 2020-21,2023-02-24,Beds free,5243
2015-16 to 2020-21,2023-02-25,Beds free,4822
2015-16 to 2020-21,2023-02-26,Beds free,5138
2015-16 to 2020-21,2023-02-27,Beds free,4561
2015-16 to 2020-21,2023-02-28,Beds free,4529
2015-16 to 2020-21,2023-03-01,Beds free,4980
2015-16 to 2020-21,2023-03-02,Beds free,5409.5
2015-16 to 2020-21,2023-03-03,Beds free,5678.5
2015-16 to 2020-21,2023-03-04,Beds free,4379
2015-16 to 2020-21,2023-03-05,Beds free,5877
2015-16 to 2020-21,2023-03-06,Beds free,4737
2015-16 to 2020-21,2023-03-07,Beds free,4738
2015-16 to 2020-21,2023-03-08,Beds free,4880
2015-16 to 2020-21,2023-03-09,Beds free,5310
2015-16 to 2020-21,2023-03-10,Beds free,6658
2015-16 to 2020-21,2023-03-11,Beds free,7254
2015-16 to 2020-21,2023-03-12,Beds free,6331
2015-16 to 2020-21,2023-03-13,Beds free,15110
2015-16 to 2020-21,2023-03-14,Beds free,15050
2015-16 to 2020-21,2023-03-15,Beds free,13117
2015-16 to 2020-21,2023-03-16,Beds free,11813
2015-16 to 2020-21,2023-03-17,Beds free,11853
2015-16 to 2020-21,2023-03-18,Beds free,12599
2015-16 to 2020-21,2023-03-19,Beds free,13367
2015-16 to 2020-21,2023-03-20,Beds free,15330
2015-16 to 2020-21,2023-03-21,Beds free,15275
2015-16 to 2020-21,2023-03-22,Beds free,13607
2015-16 to 2020-21,2023-03-23,Beds free,12250
2015-16 to 2020-21,2023-03-24,Beds free,12291
2015-16 to 2020-21,2023-03-25,Beds free,12698
2015-16 to 2020-21,2023-03-26,Beds free,13461
2015-16 to 2020-21,2023-03-27,Beds free,15047
2015-16 to 2020-21,2023-03-28,Beds free,15427
2015-16 to 2020-21,2023-03-29,Beds free,NA
2015-16 to 2020-21,2023-03-30,Beds free,NA
2015-16 to 2020-21,2023-03-31,Beds free,NA
2015-16 to 2020-21,2023-04-01,Beds free,NA
2015-16 to 2020-21,2023-04-02,Beds free,NA
2015-16 to 2020-21,2023-04-03,Beds free,NA
2015-16 to 2020-21,2023-04-04,Beds free,NA
2015-16 to 2020-21,NA,Beds free,7359
2015-16 to 2020-21,2022-11-02,Beds occupied,77229
2015-16 to 2020-21,2022-11-03,Beds occupied,78998
2015-16 to 2020-21,2022-11-04,Beds occupied,78824
2015-16 to 2020-21,2022-11-05,Beds occupied,78257
2015-16 to 2020-21,2022-11-06,Beds occupied,77668
2015-16 to 2020-21,2022-11-07,Beds occupied,75802
2015-16 to 2020-21,2022-11-08,Beds occupied,75640
2015-16 to 2020-21,2022-11-09,Beds occupied,77524
2015-16 to 2020-21,2022-11-10,Beds occupied,79500
2015-16 to 2020-21,2022-11-11,Beds occupied,79400
2015-16 to 2020-21,2022-11-12,Beds occupied,79321
2015-16 to 2020-21,2022-11-13,Beds occupied,78632
2015-16 to 2020-21,2022-11-14,Beds occupied,76641
2015-16 to 2020-21,2022-11-15,Beds occupied,76244
2015-16 to 2020-21,2022-11-16,Beds occupied,78111
2015-16 to 2020-21,2022-11-17,Beds occupied,79752
2015-16 to 2020-21,2022-11-18,Beds occupied,79482
2015-16 to 2020-21,2022-11-19,Beds occupied,78699
2015-16 to 2020-21,2022-11-20,Beds occupied,77990
2015-16 to 2020-21,2022-11-21,Beds occupied,75702
2015-16 to 2020-21,2022-11-22,Beds occupied,75856
2015-16 to 2020-21,2022-11-23,Beds occupied,77118
2015-16 to 2020-21,2022-11-24,Beds occupied,78371
2015-16 to 2020-21,2022-11-25,Beds occupied,78301
2015-16 to 2020-21,2022-11-26,Beds occupied,78197
2015-16 to 2020-21,2022-11-27,Beds occupied,77460
2015-16 to 2020-21,2022-11-28,Beds occupied,75712
2015-16 to 2020-21,2022-11-29,Beds occupied,75200
2015-16 to 2020-21,2022-11-30,Beds occupied,77175
2015-16 to 2020-21,2022-12-01,Beds occupied,78187
2015-16 to 2020-21,2022-12-02,Beds occupied,79404
2015-16 to 2020-21,2022-12-03,Beds occupied,78127
2015-16 to 2020-21,2022-12-04,Beds occupied,84373
2015-16 to 2020-21,2022-12-05,Beds occupied,91143
2015-16 to 2020-21,2022-12-06,Beds occupied,90124
2015-16 to 2020-21,2022-12-07,Beds occupied,89333
2015-16 to 2020-21,2022-12-08,Beds occupied,89021
2015-16 to 2020-21,2022-12-09,Beds occupied,85945
2015-16 to 2020-21,2022-12-10,Beds occupied,84243
2015-16 to 2020-21,2022-12-11,Beds occupied,91034
2015-16 to 2020-21,2022-12-12,Beds occupied,90584
2015-16 to 2020-21,2022-12-13,Beds occupied,89723
2015-16 to 2020-21,2022-12-14,Beds occupied,87584
2015-16 to 2020-21,2022-12-15,Beds occupied,86604
2015-16 to 2020-21,2022-12-16,Beds occupied,84740
2015-16 to 2020-21,2022-12-17,Beds occupied,81862
2015-16 to 2020-21,2022-12-18,Beds occupied,88907
2015-16 to 2020-21,2022-12-19,Beds occupied,89766
2015-16 to 2020-21,2022-12-20,Beds occupied,88310
2015-16 to 2020-21,2022-12-21,Beds occupied,84689
2015-16 to 2020-21,2022-12-22,Beds occupied,NA
2015-16 to 2020-21,2022-12-23,Beds occupied,NA
2015-16 to 2020-21,2022-12-24,Beds occupied,NA
2015-16 to 2020-21,2022-12-25,Beds occupied,NA
2015-16 to 2020-21,2022-12-26,Beds occupied,80960
2015-16 to 2020-21,2022-12-27,Beds occupied,84895
2015-16 to 2020-21,2022-12-28,Beds occupied,85383
2015-16 to 2020-21,2022-12-29,Beds occupied,86329
2015-16 to 2020-21,2022-12-30,Beds occupied,87642
2015-16 to 2020-21,2022-12-31,Beds occupied,87678
2015-16 to 2020-21,2023-01-01,Beds occupied,88686
2015-16 to 2020-21,2023-01-02,Beds occupied,90335
2015-16 to 2020-21,2023-01-03,Beds occupied,90589
2015-16 to 2020-21,2023-01-04,Beds occupied,89491
2015-16 to 2020-21,2023-01-05,Beds occupied,89501
2015-16 to 2020-21,2023-01-06,Beds occupied,91237
2015-16 to 2020-21,2023-01-07,Beds occupied,92932
2015-16 to 2020-21,2023-01-08,Beds occupied,93289
2015-16 to 2020-21,2023-01-09,Beds occupied,92401
2015-16 to 2020-21,2023-01-10,Beds occupied,91630
2015-16 to 2020-21,2023-01-11,Beds occupied,90948
2015-16 to 2020-21,2023-01-12,Beds occupied,90249
2015-16 to 2020-21,2023-01-13,Beds occupied,91284
2015-16 to 2020-21,2023-01-14,Beds occupied,93107
2015-16 to 2020-21,2023-01-15,Beds occupied,93231
2015-16 to 2020-21,2023-01-16,Beds occupied,93249
2015-16 to 2020-21,2023-01-17,Beds occupied,92379
2015-16 to 2020-21,2023-01-18,Beds occupied,90936
2015-16 to 2020-21,2023-01-19,Beds occupied,90429
2015-16 to 2020-21,2023-01-20,Beds occupied,90667
2015-16 to 2020-21,2023-01-21,Beds occupied,NA
2015-16 to 2020-21,2023-01-22,Beds occupied,93014
2015-16 to 2020-21,2023-01-23,Beds occupied,92661
2015-16 to 2020-21,2023-01-24,Beds occupied,90596
2015-16 to 2020-21,2023-01-25,Beds occupied,90713
2015-16 to 2020-21,2023-01-26,Beds occupied,90624
2015-16 to 2020-21,2023-01-27,Beds occupied,91459
2015-16 to 2020-21,2023-01-28,Beds occupied,92784
2015-16 to 2020-21,2023-01-29,Beds occupied,94126
2015-16 to 2020-21,2023-01-30,Beds occupied,92496
2015-16 to 2020-21,2023-01-31,Beds occupied,92029
2015-16 to 2020-21,2023-02-01,Beds occupied,91427
2015-16 to 2020-21,2023-02-02,Beds occupied,91399
2015-16 to 2020-21,2023-02-03,Beds occupied,NA
2015-16 to 2020-21,2023-02-04,Beds occupied,NA
2015-16 to 2020-21,2023-02-05,Beds occupied,93168
2015-16 to 2020-21,2023-02-06,Beds occupied,92018
2015-16 to 2020-21,2023-02-07,Beds occupied,90273
2015-16 to 2020-21,2023-02-08,Beds occupied,90380
2015-16 to 2020-21,2023-02-09,Beds occupied,90539
2015-16 to 2020-21,2023-02-10,Beds occupied,90845
2015-16 to 2020-21,2023-02-11,Beds occupied,91715
2015-16 to 2020-21,2023-02-12,Beds occupied,92878
2015-16 to 2020-21,2023-02-13,Beds occupied,92469
2015-16 to 2020-21,2023-02-14,Beds occupied,90453
2015-16 to 2020-21,2023-02-15,Beds occupied,90383
2015-16 to 2020-21,2023-02-16,Beds occupied,90634
2015-16 to 2020-21,2023-02-17,Beds occupied,90732
2015-16 to 2020-21,2023-02-18,Beds occupied,89936
2015-16 to 2020-21,2023-02-19,Beds occupied,92064
2015-16 to 2020-21,2023-02-20,Beds occupied,91825
2015-16 to 2020-21,2023-02-21,Beds occupied,90283
2015-16 to 2020-21,2023-02-22,Beds occupied,89827
2015-16 to 2020-21,2023-02-23,Beds occupied,89625
2015-16 to 2020-21,2023-02-24,Beds occupied,90955
2015-16 to 2020-21,2023-02-25,Beds occupied,91809
2015-16 to 2020-21,2023-02-26,Beds occupied,92051
2015-16 to 2020-21,2023-02-27,Beds occupied,91735
2015-16 to 2020-21,2023-02-28,Beds occupied,90472
2015-16 to 2020-21,2023-03-01,Beds occupied,89883
2015-16 to 2020-21,2023-03-02,Beds occupied,83941.5
2015-16 to 2020-21,2023-03-03,Beds occupied,83650.5
2015-16 to 2020-21,2023-03-04,Beds occupied,76840
2015-16 to 2020-21,2023-03-05,Beds occupied,76243
2015-16 to 2020-21,2023-03-06,Beds occupied,73821
2015-16 to 2020-21,2023-03-07,Beds occupied,73999
2015-16 to 2020-21,2023-03-08,Beds occupied,76053
2015-16 to 2020-21,2023-03-09,Beds occupied,77772
2015-16 to 2020-21,2023-03-10,Beds occupied,77509
2015-16 to 2020-21,2023-03-11,Beds occupied,77264
2015-16 to 2020-21,2023-03-12,Beds occupied,77210
2015-16 to 2020-21,2023-03-13,Beds occupied,75460
2015-16 to 2020-21,2023-03-14,Beds occupied,75468
2015-16 to 2020-21,2023-03-15,Beds occupied,77892
2015-16 to 2020-21,2023-03-16,Beds occupied,79517
2015-16 to 2020-21,2023-03-17,Beds occupied,79499
2015-16 to 2020-21,2023-03-18,Beds occupied,78721
2015-16 to 2020-21,2023-03-19,Beds occupied,77829
2015-16 to 2020-21,2023-03-20,Beds occupied,75566
2015-16 to 2020-21,2023-03-21,Beds occupied,75378
2015-16 to 2020-21,2023-03-22,Beds occupied,77491
2015-16 to 2020-21,2023-03-23,Beds occupied,79230
2015-16 to 2020-21,2023-03-24,Beds occupied,79203
2015-16 to 2020-21,2023-03-25,Beds occupied,78596
2015-16 to 2020-21,2023-03-26,Beds occupied,77797
2015-16 to 2020-21,2023-03-27,Beds occupied,75873
2015-16 to 2020-21,2023-03-28,Beds occupied,75352
2015-16 to 2020-21,2023-03-29,Beds occupied,NA
2015-16 to 2020-21,2023-03-30,Beds occupied,NA
2015-16 to 2020-21,2023-03-31,Beds occupied,NA
2015-16 to 2020-21,2023-04-01,Beds occupied,NA
2015-16 to 2020-21,2023-04-02,Beds occupied,NA
2015-16 to 2020-21,2023-04-03,Beds occupied,NA
2015-16 to 2020-21,2023-04-04,Beds occupied,NA
2015-16 to 2020-21,NA,Beds occupied,89904
2015-16 to 2020-21,2022-11-02,CC beds free,1252
2015-16 to 2020-21,2022-11-03,CC beds free,1091
2015-16 to 2020-21,2022-11-04,CC beds free,1030
2015-16 to 2020-21,2022-11-05,CC beds free,1041
2015-16 to 2020-21,2022-11-06,CC beds free,1061
2015-16 to 2020-21,2022-11-07,CC beds free,1089
2015-16 to 2020-21,2022-11-08,CC beds free,1127
2015-16 to 2020-21,2022-11-09,CC beds free,1113
2015-16 to 2020-21,2022-11-10,CC beds free,1021
2015-16 to 2020-21,2022-11-11,CC beds free,1010
2015-16 to 2020-21,2022-11-12,CC beds free,932
2015-16 to 2020-21,2022-11-13,CC beds free,936
2015-16 to 2020-21,2022-11-14,CC beds free,1012
2015-16 to 2020-21,2022-11-15,CC beds free,1104
2015-16 to 2020-21,2022-11-16,CC beds free,1121
2015-16 to 2020-21,2022-11-17,CC beds free,1041
2015-16 to 2020-21,2022-11-18,CC beds free,996
2015-16 to 2020-21,2022-11-19,CC beds free,970
2015-16 to 2020-21,2022-11-20,CC beds free,696
2015-16 to 2020-21,2022-11-21,CC beds free,594
2015-16 to 2020-21,2022-11-22,CC beds free,587
2015-16 to 2020-21,2022-11-23,CC beds free,590
2015-16 to 2020-21,2022-11-24,CC beds free,675
2015-16 to 2020-21,2022-11-25,CC beds free,717
2015-16 to 2020-21,2022-11-26,CC beds free,760
2015-16 to 2020-21,2022-11-27,CC beds free,648
2015-16 to 2020-21,2022-11-28,CC beds free,581
2015-16 to 2020-21,2022-11-29,CC beds free,556
2015-16 to 2020-21,2022-11-30,CC beds free,555
2015-16 to 2020-21,2022-12-01,CC beds free,561
2015-16 to 2020-21,2022-12-02,CC beds free,552
2015-16 to 2020-21,2022-12-03,CC beds free,585
2015-16 to 2020-21,2022-12-04,CC beds free,561
2015-16 to 2020-21,2022-12-05,CC beds free,577
2015-16 to 2020-21,2022-12-06,CC beds free,560
2015-16 to 2020-21,2022-12-07,CC beds free,491
2015-16 to 2020-21,2022-12-08,CC beds free,533
2015-16 to 2020-21,2022-12-09,CC beds free,545
2015-16 to 2020-21,2022-12-10,CC beds free,517
2015-16 to 2020-21,2022-12-11,CC beds free,553
2015-16 to 2020-21,2022-12-12,CC beds free,532
2015-16 to 2020-21,2022-12-13,CC beds free,510
2015-16 to 2020-21,2022-12-14,CC beds free,503
2015-16 to 2020-21,2022-12-15,CC beds free,503
2015-16 to 2020-21,2022-12-16,CC beds free,542
2015-16 to 2020-21,2022-12-17,CC beds free,550
2015-16 to 2020-21,2022-12-18,CC beds free,510
2015-16 to 2020-21,2022-12-19,CC beds free,547
2015-16 to 2020-21,2022-12-20,CC beds free,606
2015-16 to 2020-21,2022-12-21,CC beds free,621
2015-16 to 2020-21,2022-12-22,CC beds free,632
2015-16 to 2020-21,2022-12-23,CC beds free,NA
2015-16 to 2020-21,2022-12-24,CC beds free,NA
2015-16 to 2020-21,2022-12-25,CC beds free,NA
2015-16 to 2020-21,2022-12-26,CC beds free,814
2015-16 to 2020-21,2022-12-27,CC beds free,753
2015-16 to 2020-21,2022-12-28,CC beds free,654
2015-16 to 2020-21,2022-12-29,CC beds free,620
2015-16 to 2020-21,2022-12-30,CC beds free,601
2015-16 to 2020-21,2022-12-31,CC beds free,604
2015-16 to 2020-21,2023-01-01,CC beds free,689
2015-16 to 2020-21,2023-01-02,CC beds free,591
2015-16 to 2020-21,2023-01-03,CC beds free,520
2015-16 to 2020-21,2023-01-04,CC beds free,461
2015-16 to 2020-21,2023-01-05,CC beds free,452
2015-16 to 2020-21,2023-01-06,CC beds free,462
2015-16 to 2020-21,2023-01-07,CC beds free,471
2015-16 to 2020-21,2023-01-08,CC beds free,471
2015-16 to 2020-21,2023-01-09,CC beds free,489
2015-16 to 2020-21,2023-01-10,CC beds free,509
2015-16 to 2020-21,2023-01-11,CC beds free,471
2015-16 to 2020-21,2023-01-12,CC beds free,515
2015-16 to 2020-21,2023-01-13,CC beds free,534
2015-16 to 2020-21,2023-01-14,CC beds free,497
2015-16 to 2020-21,2023-01-15,CC beds free,463
2015-16 to 2020-21,2023-01-16,CC beds free,466
2015-16 to 2020-21,2023-01-17,CC beds free,520
2015-16 to 2020-21,2023-01-18,CC beds free,511
2015-16 to 2020-21,2023-01-19,CC beds free,510
2015-16 to 2020-21,2023-01-20,CC beds free,NA
2015-16 to 2020-21,2023-01-21,CC beds free,NA
2015-16 to 2020-21,2023-01-22,CC beds free,NA
2015-16 to 2020-21,2023-01-23,CC beds free,506
2015-16 to 2020-21,2023-01-24,CC beds free,511
2015-16 to 2020-21,2023-01-25,CC beds free,533
2015-16 to 2020-21,2023-01-26,CC beds free,525
2015-16 to 2020-21,2023-01-27,CC beds free,570
2015-16 to 2020-21,2023-01-28,CC beds free,534
2015-16 to 2020-21,2023-01-29,CC beds free,511
2015-16 to 2020-21,2023-01-30,CC beds free,497
2015-16 to 2020-21,2023-01-31,CC beds free,473
2015-16 to 2020-21,2023-02-01,CC beds free,496
2015-16 to 2020-21,2023-02-02,CC beds free,502
2015-16 to 2020-21,2023-02-03,CC beds free,NA
2015-16 to 2020-21,2023-02-04,CC beds free,NA
2015-16 to 2020-21,2023-02-05,CC beds free,514
2015-16 to 2020-21,2023-02-06,CC beds free,482
2015-16 to 2020-21,2023-02-07,CC beds free,508
2015-16 to 2020-21,2023-02-08,CC beds free,498
2015-16 to 2020-21,2023-02-09,CC beds free,525
2015-16 to 2020-21,2023-02-10,CC beds free,591
2015-16 to 2020-21,2023-02-11,CC beds free,515
2015-16 to 2020-21,2023-02-12,CC beds free,592
2015-16 to 2020-21,2023-02-13,CC beds free,534
2015-16 to 2020-21,2023-02-14,CC beds free,509
2015-16 to 2020-21,2023-02-15,CC beds free,523
2015-16 to 2020-21,2023-02-16,CC beds free,572
2015-16 to 2020-21,2023-02-17,CC beds free,582
2015-16 to 2020-21,2023-02-18,CC beds free,595
2015-16 to 2020-21,2023-02-19,CC beds free,523
2015-16 to 2020-21,2023-02-20,CC beds free,538
2015-16 to 2020-21,2023-02-21,CC beds free,565
2015-16 to 2020-21,2023-02-22,CC beds free,506
2015-16 to 2020-21,2023-02-23,CC beds free,562
2015-16 to 2020-21,2023-02-24,CC beds free,597
2015-16 to 2020-21,2023-02-25,CC beds free,605
2015-16 to 2020-21,2023-02-26,CC beds free,557
2015-16 to 2020-21,2023-02-27,CC beds free,585
2015-16 to 2020-21,2023-02-28,CC beds free,604
2015-16 to 2020-21,2023-03-01,CC beds free,535
2015-16 to 2020-21,2023-03-02,CC beds free,558.5
2015-16 to 2020-21,2023-03-03,CC beds free,661.5
2015-16 to 2020-21,2023-03-04,CC beds free,647
2015-16 to 2020-21,2023-03-05,CC beds free,824
2015-16 to 2020-21,2023-03-06,CC beds free,641
2015-16 to 2020-21,2023-03-07,CC beds free,583
2015-16 to 2020-21,2023-03-08,CC beds free,615
2015-16 to 2020-21,2023-03-09,CC beds free,600
2015-16 to 2020-21,2023-03-10,CC beds free,604
2015-16 to 2020-21,2023-03-11,CC beds free,721
2015-16 to 2020-21,2023-03-12,CC beds free,770
2015-16 to 2020-21,2023-03-13,CC beds free,1444
2015-16 to 2020-21,2023-03-14,CC beds free,1521
2015-16 to 2020-21,2023-03-15,CC beds free,1507
2015-16 to 2020-21,2023-03-16,CC beds free,1452
2015-16 to 2020-21,2023-03-17,CC beds free,1379
2015-16 to 2020-21,2023-03-18,CC beds free,1409
2015-16 to 2020-21,2023-03-19,CC beds free,1433
2015-16 to 2020-21,2023-03-20,CC beds free,1404
2015-16 to 2020-21,2023-03-21,CC beds free,1493
2015-16 to 2020-21,2023-03-22,CC beds free,1536
2015-16 to 2020-21,2023-03-23,CC beds free,1462
2015-16 to 2020-21,2023-03-24,CC beds free,1373
2015-16 to 2020-21,2023-03-25,CC beds free,1347
2015-16 to 2020-21,2023-03-26,CC beds free,1384
2015-16 to 2020-21,2023-03-27,CC beds free,1327
2015-16 to 2020-21,2023-03-28,CC beds free,1418
2015-16 to 2020-21,2023-03-29,CC beds free,NA
2015-16 to 2020-21,2023-03-30,CC beds free,NA
2015-16 to 2020-21,2023-03-31,CC beds free,NA
2015-16 to 2020-21,2023-04-01,CC beds free,NA
2015-16 to 2020-21,2023-04-02,CC beds free,NA
2015-16 to 2020-21,2023-04-03,CC beds free,NA
2015-16 to 2020-21,2023-04-04,CC beds free,NA
2015-16 to 2020-21,NA,CC beds free,732
2015-16 to 2020-21,2022-11-02,CC beds occupied,2960
2015-16 to 2020-21,2022-11-03,CC beds occupied,3044
2015-16 to 2020-21,2022-11-04,CC beds occupied,3103
2015-16 to 2020-21,2022-11-05,CC beds occupied,3098
2015-16 to 2020-21,2022-11-06,CC beds occupied,3131
2015-16 to 2020-21,2022-11-07,CC beds occupied,3120
2015-16 to 2020-21,2022-11-08,CC beds occupied,3081
2015-16 to 2020-21,2022-11-09,CC beds occupied,3055
2015-16 to 2020-21,2022-11-10,CC beds occupied,3171
2015-16 to 2020-21,2022-11-11,CC beds occupied,3218
2015-16 to 2020-21,2022-11-12,CC beds occupied,3253
2015-16 to 2020-21,2022-11-13,CC beds occupied,3301
2015-16 to 2020-21,2022-11-14,CC beds occupied,3260
2015-16 to 2020-21,2022-11-15,CC beds occupied,3173
2015-16 to 2020-21,2022-11-16,CC beds occupied,3159
2015-16 to 2020-21,2022-11-17,CC beds occupied,3301
2015-16 to 2020-21,2022-11-18,CC beds occupied,3379
2015-16 to 2020-21,2022-11-19,CC beds occupied,3395
2015-16 to 2020-21,2022-11-20,CC beds occupied,2942
2015-16 to 2020-21,2022-11-21,CC beds occupied,2973
2015-16 to 2020-21,2022-11-22,CC beds occupied,3017
2015-16 to 2020-21,2022-11-23,CC beds occupied,3092
2015-16 to 2020-21,2022-11-24,CC beds occupied,2878
2015-16 to 2020-21,2022-11-25,CC beds occupied,2829
2015-16 to 2020-21,2022-11-26,CC beds occupied,2831
2015-16 to 2020-21,2022-11-27,CC beds occupied,3051
2015-16 to 2020-21,2022-11-28,CC beds occupied,3119
2015-16 to 2020-21,2022-11-29,CC beds occupied,3147
2015-16 to 2020-21,2022-11-30,CC beds occupied,3133
2015-16 to 2020-21,2022-12-01,CC beds occupied,2989
2015-16 to 2020-21,2022-12-02,CC beds occupied,2841
2015-16 to 2020-21,2022-12-03,CC beds occupied,2960
2015-16 to 2020-21,2022-12-04,CC beds occupied,3037
2015-16 to 2020-21,2022-12-05,CC beds occupied,3104
2015-16 to 2020-21,2022-12-06,CC beds occupied,3087
2015-16 to 2020-21,2022-12-07,CC beds occupied,3020
2015-16 to 2020-21,2022-12-08,CC beds occupied,2945
2015-16 to 2020-21,2022-12-09,CC beds occupied,2980
2015-16 to 2020-21,2022-12-10,CC beds occupied,3063
2015-16 to 2020-21,2022-12-11,CC beds occupied,3076
2015-16 to 2020-21,2022-12-12,CC beds occupied,3100
2015-16 to 2020-21,2022-12-13,CC beds occupied,3133
2015-16 to 2020-21,2022-12-14,CC beds occupied,2966
2015-16 to 2020-21,2022-12-15,CC beds occupied,2978
2015-16 to 2020-21,2022-12-16,CC beds occupied,2996
2015-16 to 2020-21,2022-12-17,CC beds occupied,3033
2015-16 to 2020-21,2022-12-18,CC beds occupied,3057
2015-16 to 2020-21,2022-12-19,CC beds occupied,3089
2015-16 to 2020-21,2022-12-20,CC beds occupied,3042
2015-16 to 2020-21,2022-12-21,CC beds occupied,2957
2015-16 to 2020-21,2022-12-22,CC beds occupied,2909
2015-16 to 2020-21,2022-12-23,CC beds occupied,NA
2015-16 to 2020-21,2022-12-24,CC beds occupied,NA
2015-16 to 2020-21,2022-12-25,CC beds occupied,NA
2015-16 to 2020-21,2022-12-26,CC beds occupied,2838
2015-16 to 2020-21,2022-12-27,CC beds occupied,2907
2015-16 to 2020-21,2022-12-28,CC beds occupied,2911
2015-16 to 2020-21,2022-12-29,CC beds occupied,2874
2015-16 to 2020-21,2022-12-30,CC beds occupied,2991
2015-16 to 2020-21,2022-12-31,CC beds occupied,3017
2015-16 to 2020-21,2023-01-01,CC beds occupied,2964
2015-16 to 2020-21,2023-01-02,CC beds occupied,3075
2015-16 to 2020-21,2023-01-03,CC beds occupied,3140
2015-16 to 2020-21,2023-01-04,CC beds occupied,3100
2015-16 to 2020-21,2023-01-05,CC beds occupied,3024
2015-16 to 2020-21,2023-01-06,CC beds occupied,3163
2015-16 to 2020-21,2023-01-07,CC beds occupied,3178
2015-16 to 2020-21,2023-01-08,CC beds occupied,3171
2015-16 to 2020-21,2023-01-09,CC beds occupied,3210
2015-16 to 2020-21,2023-01-10,CC beds occupied,3188
2015-16 to 2020-21,2023-01-11,CC beds occupied,3002
2015-16 to 2020-21,2023-01-12,CC beds occupied,3014
2015-16 to 2020-21,2023-01-13,CC beds occupied,3080
2015-16 to 2020-21,2023-01-14,CC beds occupied,3182
2015-16 to 2020-21,2023-01-15,CC beds occupied,3174
2015-16 to 2020-21,2023-01-16,CC beds occupied,3221
2015-16 to 2020-21,2023-01-17,CC beds occupied,3193
2015-16 to 2020-21,2023-01-18,CC beds occupied,3095
2015-16 to 2020-21,2023-01-19,CC beds occupied,2986
2015-16 to 2020-21,2023-01-20,CC beds occupied,NA
2015-16 to 2020-21,2023-01-21,CC beds occupied,NA
2015-16 to 2020-21,2023-01-22,CC beds occupied,NA
2015-16 to 2020-21,2023-01-23,CC beds occupied,3175
2015-16 to 2020-21,2023-01-24,CC beds occupied,3168
2015-16 to 2020-21,2023-01-25,CC beds occupied,3106
2015-16 to 2020-21,2023-01-26,CC beds occupied,3016
2015-16 to 2020-21,2023-01-27,CC beds occupied,3004
2015-16 to 2020-21,2023-01-28,CC beds occupied,3050
2015-16 to 2020-21,2023-01-29,CC beds occupied,3155
2015-16 to 2020-21,2023-01-30,CC beds occupied,3180
2015-16 to 2020-21,2023-01-31,CC beds occupied,3142
2015-16 to 2020-21,2023-02-01,CC beds occupied,3145
2015-16 to 2020-21,2023-02-02,CC beds occupied,3051
2015-16 to 2020-21,2023-02-03,CC beds occupied,NA
2015-16 to 2020-21,2023-02-04,CC beds occupied,NA
2015-16 to 2020-21,2023-02-05,CC beds occupied,3161
2015-16 to 2020-21,2023-02-06,CC beds occupied,3189
2015-16 to 2020-21,2023-02-07,CC beds occupied,3194
2015-16 to 2020-21,2023-02-08,CC beds occupied,3158
2015-16 to 2020-21,2023-02-09,CC beds occupied,2993
2015-16 to 2020-21,2023-02-10,CC beds occupied,3020
2015-16 to 2020-21,2023-02-11,CC beds occupied,3049
2015-16 to 2020-21,2023-02-12,CC beds occupied,3078
2015-16 to 2020-21,2023-02-13,CC beds occupied,3148
2015-16 to 2020-21,2023-02-14,CC beds occupied,3175
2015-16 to 2020-21,2023-02-15,CC beds occupied,3149
2015-16 to 2020-21,2023-02-16,CC beds occupied,3002
2015-16 to 2020-21,2023-02-17,CC beds occupied,3003
2015-16 to 2020-21,2023-02-18,CC beds occupied,3048
2015-16 to 2020-21,2023-02-19,CC beds occupied,3011
2015-16 to 2020-21,2023-02-20,CC beds occupied,3166
2015-16 to 2020-21,2023-02-21,CC beds occupied,3118
2015-16 to 2020-21,2023-02-22,CC beds occupied,3000
2015-16 to 2020-21,2023-02-23,CC beds occupied,2967
2015-16 to 2020-21,2023-02-24,CC beds occupied,3000
2015-16 to 2020-21,2023-02-25,CC beds occupied,3070
2015-16 to 2020-21,2023-02-26,CC beds occupied,3090
2015-16 to 2020-21,2023-02-27,CC beds occupied,3109
2015-16 to 2020-21,2023-02-28,CC beds occupied,3101
2015-16 to 2020-21,2023-03-01,CC beds occupied,2993
2015-16 to 2020-21,2023-03-02,CC beds occupied,2993
2015-16 to 2020-21,2023-03-03,CC beds occupied,2954.5
2015-16 to 2020-21,2023-03-04,CC beds occupied,2959
2015-16 to 2020-21,2023-03-05,CC beds occupied,3079
2015-16 to 2020-21,2023-03-06,CC beds occupied,3288
2015-16 to 2020-21,2023-03-07,CC beds occupied,3336
2015-16 to 2020-21,2023-03-08,CC beds occupied,3304
2015-16 to 2020-21,2023-03-09,CC beds occupied,3321
2015-16 to 2020-21,2023-03-10,CC beds occupied,3204
2015-16 to 2020-21,2023-03-11,CC beds occupied,3055
2015-16 to 2020-21,2023-03-12,CC beds occupied,3118
2015-16 to 2020-21,2023-03-13,CC beds occupied,3416
2015-16 to 2020-21,2023-03-14,CC beds occupied,3324
2015-16 to 2020-21,2023-03-15,CC beds occupied,3235
2015-16 to 2020-21,2023-03-16,CC beds occupied,3263
2015-16 to 2020-21,2023-03-17,CC beds occupied,3305
2015-16 to 2020-21,2023-03-18,CC beds occupied,3275
2015-16 to 2020-21,2023-03-19,CC beds occupied,3219
2015-16 to 2020-21,2023-03-20,CC beds occupied,3203
2015-16 to 2020-21,2023-03-21,CC beds occupied,3078
2015-16 to 2020-21,2023-03-22,CC beds occupied,3042
2015-16 to 2020-21,2023-03-23,CC beds occupied,3097
2015-16 to 2020-21,2023-03-24,CC beds occupied,3172
2015-16 to 2020-21,2023-03-25,CC beds occupied,3150
2015-16 to 2020-21,2023-03-26,CC beds occupied,3100
2015-16 to 2020-21,2023-03-27,CC beds occupied,3129
2015-16 to 2020-21,2023-03-28,CC beds occupied,3025
2015-16 to 2020-21,2023-03-29,CC beds occupied,NA
2015-16 to 2020-21,2023-03-30,CC beds occupied,NA
2015-16 to 2020-21,2023-03-31,CC beds occupied,NA
2015-16 to 2020-21,2023-04-01,CC beds occupied,NA
2015-16 to 2020-21,2023-04-02,CC beds occupied,NA
2015-16 to 2020-21,2023-04-03,CC beds occupied,NA
2015-16 to 2020-21,2023-04-04,CC beds occupied,NA
2015-16 to 2020-21,NA,CC beds occupied,2909
