Date,Occupancy rate,G&A beds occ'd,G&A Beds Open,Critical care beds occupancy rate,No. beds occupied by flu patients (Critical Care),No. beds occupied by long-stay patients (> 7 days),No. beds occupied by long-stay patients (> 21 days),year,day_of_year
2021-11-29T00:00:00Z,0.9233660385194414,88934,96315,0.7851941747572816,2,42481,15187,2021-22,2021-11-29
2021-11-30T00:00:00Z,0.9328229883152399,90051,96536,0.8120464441219158,1,42712,15177,2021-22,2021-11-30
2021-12-09T00:00:00Z,0.9407508194693549,91266,97014,0.8211793020457281,0,43411,15469,2021-22,2021-12-09
2021-12-10T00:00:00Z,0.9358353385865804,90616,96829,0.819288613034137,0,42989,15273,2021-22,2021-12-10
2021-12-11T00:00:00Z,0.9224274186839697,88708,96168,0.8066298342541437,1,41298,14704,2021-22,2021-12-11
2021-12-12T00:00:00Z,0.9198058171514293,88294,95992,0.7912087912087912,1,41664,14819,2021-22,2021-12-12
2021-12-01T00:00:00Z,0.9363592598794374,89471,95552,0.8200928868247372,2,42364,15144,2021-22,2021-12-01
2021-12-02T00:00:00Z,0.9336612135017602,90173,96580,0.8188615533043898,3,42388,15244,2021-22,2021-12-02
2021-12-03T00:00:00Z,0.9305453529636949,89940,96653,0.8115208483972042,5,42042,15150,2021-22,2021-12-03
2021-12-04T00:00:00Z,0.9172318657316934,87769,95689,0.8041412911084044,2,41137,15001,2021-22,2021-12-04
2021-12-05T00:00:00Z,0.9204552547803833,88476,96122,0.786218651083516,3,41357,15053,2021-22,2021-12-05
2021-12-06T00:00:00Z,0.9299106958283375,89967,96748,0.7788390889052168,2,43110,15514,2021-22,2021-12-06
2021-12-07T00:00:00Z,0.9392530589945263,91116,97009,0.8034474503231984,1,43863,15676,2021-22,2021-12-07
2021-12-08T00:00:00Z,0.9402722293151023,91323,97124,0.8189221556886227,0,43786,15572,2021-22,2021-12-08
2020-11-02T00:00:00Z,0.863878386541086,77229,89398,0.7027540360873694,NA,NA,NA,2020-21,2021-11-02
2020-11-03T00:00:00Z,0.8839233764489997,78998,89372,0.7361547762998791,NA,NA,NA,2020-21,2021-11-03
2020-11-04T00:00:00Z,0.8839050427800891,78824,89177,0.7507863537382047,NA,NA,NA,2020-21,2021-11-04
2020-11-05T00:00:00Z,0.8776650030841698,78257,89165,0.7484899734235323,NA,NA,NA,2020-21,2021-11-05
2020-11-06T00:00:00Z,0.873380712486506,77668,88928,0.7468988549618321,NA,NA,NA,2020-21,2021-11-06
2020-11-07T00:00:00Z,0.8574498891452875,75802,88404,0.7412687099073414,NA,NA,NA,2020-21,2021-11-07
2020-11-08T00:00:00Z,0.8572367600893049,75640,88237,0.7321768060836502,NA,NA,NA,2020-21,2021-11-08
2020-11-09T00:00:00Z,0.8727723050942865,77524,88825,0.7329654510556622,NA,NA,NA,2020-21,2021-11-09
2020-11-10T00:00:00Z,0.890686444760635,79500,89257,0.7564408396946565,NA,NA,NA,2020-21,2021-11-10
2020-11-11T00:00:00Z,0.8894166143919706,79400,89272,0.761116367076632,NA,NA,NA,2020-21,2021-11-11
2020-11-12T00:00:00Z,0.8913373262464743,79321,88991,0.777299880525687,NA,NA,NA,2020-21,2021-11-12
2020-11-13T00:00:00Z,0.8851466201384589,78632,88835,0.7790889780505075,NA,NA,NA,2020-21,2021-11-13
2020-11-14T00:00:00Z,0.865677205109959,76641,88533,0.7631086142322098,NA,NA,NA,2020-21,2021-11-14
2020-11-15T00:00:00Z,0.8622935987333182,76244,88420,0.7418751461304652,NA,NA,NA,2020-21,2021-11-15
2020-11-16T00:00:00Z,0.8793115093659942,78111,88832,0.7380841121495327,NA,NA,NA,2020-21,2021-11-16
2020-11-17T00:00:00Z,0.8928395504007881,79752,89324,0.7602487333026255,NA,NA,NA,2020-21,2021-11-17
2020-11-18T00:00:00Z,0.89208390854910935,79482,89097,0.7723428571428571,NA,NA,NA,2020-21,2021-11-18
2020-11-19T00:00:00Z,0.883791705503835,78699,89047,0.7777777777777778,NA,NA,NA,2020-21,2021-11-19
2020-11-20T00:00:00Z,0.8777912839906357,77990,88848,0.7746090156393745,NA,NA,NA,2020-21,2021-11-20
2020-11-21T00:00:00Z,0.8539328377570473,75702,88651,0.7683459857372901,NA,NA,NA,2020-21,2021-11-21
2020-11-22T00:00:00Z,0.8569459664026932,75856,88519,0.7549942594718714,NA,NA,NA,2020-21,2021-11-22
2020-11-23T00:00:00Z,0.8682699452813619,77118,88818,0.7442660550458715,NA,NA,NA,2020-21,2021-11-23
2020-11-24T00:00:00Z,0.8802664240545428,78371,89031,0.7578875171467764,NA,NA,NA,2020-21,2021-11-24
2020-11-25T00:00:00Z,0.8794110379837822,78301,89038,0.76369007043853665,NA,NA,NA,2020-21,2021-11-25
2020-11-26T00:00:00Z,0.8783712440325752,78197,89025,0.7703415081366033,NA,NA,NA,2020-21,2021-11-26
2020-11-27T00:00:00Z,0.8714729310112056,77460,88884,0.7708900999091735,NA,NA,NA,2020-21,2021-11-27
2020-11-28T00:00:00Z,0.8509834775767112,75712,88970,0.7585893060295791,NA,NA,NA,2020-21,2021-11-28
2020-11-29T00:00:00Z,0.8481075472549285,75200,88668,0.7399225688909132,NA,NA,NA,2020-21,2021-11-29
2020-11-30T00:00:00Z,0.8694990874062056,77175,88758,0.7252314814814815,NA,34628,11299,2020-21,2021-11-30
2020-12-01T00:00:00Z,0.8783279786110674,78187,89018,0.744345442083619,NA,35435,11435,2020-21,2021-12-01
2020-12-02T00:00:00Z,0.8784570106265867,78202,89022,0.7503435639028859,NA,35281,11437,2020-21,2021-12-02
2020-12-03T00:00:00Z,0.8740406624478255,77898,89124,0.7481001341081805,NA,35150,11425,2020-21,2021-12-03
2020-12-04T00:00:00Z,0.8765486080746246,78182,89193,0.7389755011135858,NA,34832,11362,2020-21,2021-12-04
2020-12-05T00:00:00Z,0.8606069487971502,76341,88706,0.7307953772943576,NA,33856,11176,2020-21,2021-12-05
2020-12-06T00:00:00Z,0.8617400997624168,76532,88811,0.7223466188983431,NA,33915,11218,2020-21,2021-12-06
2020-12-07T00:00:00Z,0.8808671952983927,78539,89161,0.7353608715388107,NA,35362,11557,2020-21,2021-12-07
2020-12-08T00:00:00Z,0.8969026203452927,80471,89721,0.7465448060633081,NA,35993,11651,2020-21,2021-12-08
2020-12-09T00:00:00Z,0.8972199290479485,80425,89638,0.7541787385781146,NA,35749,11513,2020-21,2021-12-09
2020-12-10T00:00:00Z,0.893585419784245,80017,89546,0.7647586980920315,NA,35727,11469,2020-21,2021-12-10
2020-12-11T00:00:00Z,0.8942363628227502,79934,89388,0.7590960451977401,NA,35441,11323,2020-21,2021-12-11
2020-12-12T00:00:00Z,0.8810706556476301,78573,89179,0.7522706630336058,NA,34848,11147,2020-21,2021-12-12
2020-12-13T00:00:00Z,0.8821107196553194,78619,89126,0.7495404411764706,NA,35189,11218,2020-21,2021-12-13
2020-12-14T00:00:00Z,0.892295995945261,80983,90758,0.7434375713307464,NA,36791,11633,2020-21,2021-12-14
2020-12-15T00:00:00Z,0.9036638736777287,82181,90942,0.7841117216117216,NA,37435,11705,2020-21,2021-12-15
2020-12-16T00:00:00Z,0.8998410000548276,82061,91195,0.7923286427598729,NA,37405,11727,2020-21,2021-12-16
2020-12-17T00:00:00Z,0.8941253908178377,81504,91155,0.7910685805422647,NA,37234,11706,2020-21,2021-12-17
2020-12-18T00:00:00Z,0.8883957089675529,80661,90794,0.78177727784027,NA,36694,11501,2020-21,2021-12-18
2020-12-19T00:00:00Z,0.8587825012139673,77816,90612,0.7669491525423728,NA,35757,11283,2020-21,2021-12-19
2020-12-20T00:00:00Z,0.8659912528372917,78212,90315,0.7439765818509345,NA,35926,11329,2020-21,2021-12-20
2020-12-21T00:00:00Z,0.8762419460009062,79285,90483,0.7523680649526387,NA,37250,11711,2020-21,2021-12-21
2020-12-22T00:00:00Z,0.8779586371734295,79342,90371,0.7694704049844237,NA,37391,11725,2020-21,2021-12-22
2020-12-23T00:00:00Z,0.8592472808630353,77578,90286,0.7679045092838196,NA,36437,11558,2020-21,2021-12-23
2020-12-24T00:00:00Z,0.8310504323732487,74384,89506,0.7736224828501881,NA,35002,11245,2020-21,2021-12-24
2020-12-25T00:00:00Z,0.7609014414942814,67460,88658,0.7509898812142543,NA,32714,10848,2020-21,2021-12-25
2020-12-26T00:00:00Z,0.7715412243233138,68097,88261,0.7423407538020719,NA,33054,11160,2020-21,2021-12-26
2020-12-27T00:00:00Z,0.8063737107003408,71456,88614,0.7474395293092176,NA,34301,11443,2020-21,2021-12-27
2020-12-28T00:00:00Z,0.8391506526976301,74890,89245,0.7615099279947632,NA,35481,11698,2020-21,2021-12-28
2020-12-29T00:00:00Z,0.866414283974806,78271,90339,0.7765661748984392,NA,37315,12176,2020-21,2021-12-29
2020-12-30T00:00:00Z,0.8801363086731889,80066,90970,0.8008429926238145,NA,37373,12245,2020-21,2021-12-30
2020-12-31T00:00:00Z,0.878254270284539,79850,90919,0.803420564599217,NA,37238,12261,2020-21,2021-12-31
2021-01-01T00:00:00Z,0.8510777269758328,76877,90329,0.802709915828372,NA,35279,11993,2020-21,2022-01-01
2021-01-02T00:00:00Z,0.8590446617336153,78015,90816,0.8015986882557902,NA,35399,12112,2020-21,2022-01-02
2021-01-03T00:00:00Z,0.8726670481556476,79301,90872,0.8040799838416481,NA,36115,12167,2020-21,2022-01-03
2021-01-04T00:00:00Z,0.8879467452392644,81367,91635,0.8082797427652733,NA,38892,12929,2020-21,2022-01-04
2021-01-05T00:00:00Z,0.8993532171218703,83013,92303,0.8160851567120048,NA,39439,13112,2020-21,2022-01-05
2021-01-06T00:00:00Z,0.893166225487548,82667,92555,0.8314628482972136,NA,39141,13036,2020-21,2022-01-06
2021-01-07T00:00:00Z,0.8883484126212018,82182,92511,0.8354478318500284,NA,38475,12803,2020-21,2022-01-07
2021-01-08T00:00:00Z,0.8833601146530009,81361,92104,0.8422519509476031,NA,37774,12629,2020-21,2022-01-08
2021-01-09T00:00:00Z,0.8677908459685418,79612,91741,0.8475254730713246,NA,36417,12294,2020-21,2022-01-09
2021-01-10T00:00:00Z,0.8706005609455315,79774,91631,0.841722696710885,NA,36683,12275,2020-21,2022-01-10
2021-01-11T00:00:00Z,0.8835066188189121,81492,92237,0.8441535150645624,NA,37849,12537,2020-21,2022-01-11
2021-01-12T00:00:00Z,0.8899750731548716,82118,92270,0.8618871903004744,NA,38298,12593,2020-21,2022-01-12
2021-01-13T00:00:00Z,0.8806005565502513,81644,92714,0.8708275382475661,NA,37891,12362,2020-21,2022-01-13
2021-01-14T00:00:00Z,0.8731704150845422,80715,92439,0.8749785334020265,NA,37329,12104,2020-21,2022-01-14
2021-01-15T00:00:00Z,0.8676715829597383,80126,92346,0.8662269575511584,NA,37100,11889,2020-21,2022-01-15
2021-01-16T00:00:00Z,0.8442133746494855,77373,91651,0.8583819849874895,NA,36151,11512,2020-21,2022-01-16
2021-01-17T00:00:00Z,0.853613496798444,78121,91518,0.86381842456608815,NA,36500,11580,2020-21,2022-01-17
2021-01-18T00:00:00Z,0.8723962891650622,79744,91408,0.8672595520421608,NA,37584,11895,2020-21,2022-01-18
2021-01-19T00:00:00Z,0.8828379234280472,80845,91574,0.8736515201046093,NA,37658,11836,2020-21,2022-01-19
2021-01-20T00:00:00Z,0.8817718985248684,81056,91924,0.865228673370094,NA,37490,11781,2020-21,2022-01-20
2021-01-21T00:00:00Z,0.8807104385180663,80777,91718,0.8736740597878495,NA,36957,11617,2020-21,2022-01-21
2021-01-22T00:00:00Z,0.8776434223271912,80637,91879,0.8740270055599683,NA,36669,11489,2020-21,2022-01-22
2021-01-23T00:00:00Z,0.8632661715615384,79392,91967,0.8752387014640356,NA,35702,11182,2020-21,2022-01-23
2021-01-24T00:00:00Z,0.8641616301906446,79642,92161,0.8685805422647528,NA,35652,11165,2020-21,2022-01-24
2021-01-25T00:00:00Z,0.8790661411183783,81180,92348,0.8654090044388079,NA,37407,11494,2020-21,2022-01-25
2021-01-26T00:00:00Z,0.8831609182990303,81786,92606,0.8616302811371133,NA,37915,11593,2020-21,2022-01-26
2021-01-27T00:00:00Z,0.8752259419207499,80863,92391,0.8692820838627701,NA,37830,11622,2020-21,2022-01-27
2021-01-28T00:00:00Z,0.8654507578634435,79766,92167,0.8602321513754174,NA,37513,11602,2020-21,2022-01-28
2021-01-29T00:00:00Z,0.85943919139224,79077,92010,0.8678945697046682,NA,37147,11500,2020-21,2022-01-29
2021-01-30T00:00:00Z,0.8493542193908719,77862,91672,0.8586228881096589,NA,35708,11166,2020-21,2022-01-30
2021-01-31T00:00:00Z,0.8536566538749945,77413,90684,0.8424493701164089,NA,36110,11231,2020-21,2022-01-31
2021-02-01T00:00:00Z,0.8684307920059215,79781,91868,0.8321934149832989,NA,37534,11588,2020-21,2022-02-01
2021-02-02T00:00:00Z,0.8742212091609682,80542,92130,0.8408150270614454,NA,37792,11725,2020-21,2022-02-02
2021-02-03T00:00:00Z,0.8694194248507867,80117,92150,0.8411349791599871,NA,37594,11781,2020-21,2022-02-03
2021-02-04T00:00:00Z,0.8637618467959308,79473,92008,0.8475502008032129,NA,37148,11700,2020-21,2022-02-04
2021-02-05T00:00:00Z,0.8575984847660204,78785,91867,0.8341918866709594,NA,36696,11635,2020-21,2022-02-05
2021-02-06T00:00:00Z,0.8387300963668708,76852,91629,0.8184528739440119,NA,35670,11397,2020-21,2022-02-06
2021-02-07T00:00:00Z,0.8399964997867058,76795,91423,0.81,NA,35863,11549,2020-21,2022-02-07
2021-02-08T00:00:00Z,0.8529447095696235,78105,91571,0.8078890906090114,NA,36749,11724,2020-21,2022-02-08
2021-02-09T00:00:00Z,0.8610604089930377,78781,91493,0.8102153229844767,NA,37297,11957,2020-21,2022-02-09
2021-02-10T00:00:00Z,0.8540571266164558,78130,91481,0.8085106382978723,NA,37050,11895,2020-21,2022-02-10
2021-02-11T00:00:00Z,0.8448196570527561,77154,91326,0.8039805987623349,NA,36484,11882,2020-21,2022-02-11
2021-02-12T00:00:00Z,0.8377820023955781,76239,91001,0.8014730498828255,NA,35781,11863,2020-21,2022-02-12
2021-02-13T00:00:00Z,0.8228344716309706,74455,90486,0.7804014167650531,NA,34371,11523,2020-21,2022-02-13
2021-02-14T00:00:00Z,0.8255807519063271,74597,90357,0.7694133604611733,NA,34231,11548,2020-21,2022-02-14
2021-02-15T00:00:00Z,0.8413700959553019,76197,90563,0.7736779459275633,NA,35720,11941,2020-21,2022-02-15
2021-02-16T00:00:00Z,0.8600954070222212,78070,90769,0.7756223175965665,NA,36034,11946,2020-21,2022-02-16
2021-02-17T00:00:00Z,0.8611196792103639,78169,90776,0.7803948735711812,NA,36034,12035,2020-21,2022-02-17
2021-02-18T00:00:00Z,0.8577546818747316,77909,90829,0.7736768802228412,NA,35520,11856,2020-21,2022-02-18
2021-02-19T00:00:00Z,0.8518249700328814,77459,90933,0.7824561403508772,NA,35032,11701,2020-21,2022-02-19
2021-02-20T00:00:00Z,0.8393505590446022,76046,90601,0.7713780918727915,NA,34283,11491,2020-21,2022-02-20
2021-02-21T00:00:00Z,0.840653762111815,76175,90614,0.7589477451682176,NA,34270,11592,2020-21,2022-02-21
2021-02-22T00:00:00Z,0.8640340272129778,78615,90986,0.7545438186071621,NA,35865,11952,2020-21,2022-02-22
2021-02-23T00:00:00Z,0.875989156322369,79814,91113,0.7629184861717613,NA,36581,12026,2020-21,2022-02-23
2021-02-24T00:00:00Z,0.8705293982166946,79374,91179,0.7614763128901947,NA,36455,11836,2020-21,2022-02-24
2021-02-25T00:00:00Z,0.8663713506858952,78819,90976,0.7601028655400441,NA,36041,11857,2020-21,2022-02-25
2021-02-26T00:00:00Z,0.8570013973088052,77892,90889,0.7569304204149073,NA,35634,11694,2020-21,2022-02-26
2021-02-27T00:00:00Z,0.8313094883587555,75374,90669,0.7422813828803846,NA,34701,11449,2020-21,2022-02-27
2021-02-28T00:00:00Z,0.8282475928473177,75267,90875,0.7289508381992842,NA,34746,11478,2020-21,2022-02-28
2021-03-01T00:00:00Z,0.8491050283637165,77086,90785,0.7203453453453453,NA,35941,11733,2020-21,2022-03-01
2021-03-02T00:00:00Z,0.8579466778029321,78068,90994,0.737410071942446,NA,36324,11851,2020-21,2022-03-02
2021-03-03T00:00:00Z,0.852708486922459,77495,90881,0.736257421949818,NA,35783,11734,2020-21,2022-03-03
2021-03-04T00:00:00Z,0.8473473528665791,76840,90683,0.733116510426631,NA,35225,11661,2020-21,2022-03-04
2021-03-05T00:00:00Z,0.8410236611328663,76243,90655,0.7242109314857583,NA,34717,11532,2020-21,2022-03-05
2021-03-06T00:00:00Z,0.8144507331281237,73821,90639,0.7155038759689922,NA,33419,11313,2020-21,2022-03-06
2021-03-07T00:00:00Z,0.8179848560216658,73999,90465,0.6940504334121356,NA,33392,11383,2020-21,2022-03-07
2021-03-08T00:00:00Z,0.8388260207795646,76053,90666,0.6770750988142292,NA,34472,11610,2020-21,2022-03-08
2021-03-09T00:00:00Z,0.8551542140854362,77772,90945,0.6935933147632312,NA,35338,11874,2020-21,2022-03-09
2021-03-10T00:00:00Z,0.8529657752833718,77509,90870,0.6999198717948718,NA,34779,11760,2020-21,2022-03-10
2021-03-11T00:00:00Z,0.8489989671010703,77264,91006,0.7128752770501713,NA,34271,11684,2020-21,2022-03-11
2021-03-12T00:00:00Z,0.8495257795480052,77210,90886,0.7064997981429149,NA,33665,11526,2020-21,2022-03-12
2021-03-13T00:00:00Z,0.8331677155791101,75460,90570,0.702880658436214,NA,32469,11214,2020-21,2022-03-13
2021-03-14T00:00:00Z,0.8337347267946706,75468,90518,0.6860681114551084,NA,33604,11239,2020-21,2022-03-14
2021-03-15T00:00:00Z,0.8558713973343296,77892,91009,0.682201602699283,NA,34291,11587,2020-21,2022-03-15
2021-03-16T00:00:00Z,0.8706558633526771,79517,91330,0.6920466595970307,NA,35018,11665,2020-21,2022-03-16
2021-03-17T00:00:00Z,0.8702491461599089,79499,91352,0.705593509820666,NA,34755,11501,2020-21,2022-03-17
2021-03-18T00:00:00Z,0.8620346035917652,78721,91320,0.6991887275832621,NA,34357,11345,2020-21,2022-03-18
2021-03-19T00:00:00Z,0.8534255888416159,77829,91196,0.6919604471195185,NA,33860,11192,2020-21,2022-03-19
2021-03-20T00:00:00Z,0.8313457137827848,75566,90896,0.6952463642283482,NA,32695,10842,2020-21,2022-03-20
2021-03-21T00:00:00Z,0.8315003364477733,75378,90653,0.6733756289652155,NA,32683,10874,2020-21,2022-03-21
2021-03-22T00:00:00Z,0.8506333838284046,77491,91098,0.6644823066841415,NA,34212,11170,2020-21,2022-03-22
2021-03-23T00:00:00Z,0.8660909488412768,79230,91480,0.679315639394604,NA,34682,11150,2020-21,2022-03-23
2021-03-24T00:00:00Z,0.8656633221850614,79203,91494,0.6979097909790979,NA,34200,10954,2020-21,2022-03-24
2021-03-25T00:00:00Z,0.8609109032357001,78596,91294,0.7004669779853235,NA,33606,10846,2020-21,2022-03-25
2021-03-26T00:00:00Z,0.8524951237151811,77797,91258,0.6913470115967886,NA,32971,10738,2020-21,2022-03-26
2021-03-27T00:00:00Z,0.8345028596568412,75873,90920,0.7021992818671454,NA,31691,10508,2020-21,2022-03-27
2021-03-28T00:00:00Z,0.8300598155961181,75352,90779,0.6808462750393878,NA,31754,10602,2020-21,2022-03-28
2021-03-28T23:00:00Z,0.8517121522790321,77677,91201,0.6745442268737339,NA,33178,10816,2020-21,2022-03-29
2021-03-29T23:00:00Z,0.8678450718090633,79341,91423,0.7047297297297297,NA,33964,10983,2020-21,2022-03-30
2021-03-30T23:00:00Z,0.864472346982264,79107,91509,0.6969422423556059,NA,33894,10990,2020-21,2022-03-31
2021-03-31T23:00:00Z,0.8621075372586005,78613,91187,0.7104545454545454,NA,33488,10857,2020-21,2022-04-01
2021-04-01T23:00:00Z,0.8313068569792286,75481,90798,0.7048508312457299,NA,32089,10552,2020-21,2022-04-02
2021-04-02T23:00:00Z,0.8145790509029021,73708,90486,0.6716553287981859,NA,31760,10475,2020-21,2022-04-03
2021-04-03T23:00:00Z,0.8189717115663103,74085,90461,0.6651418115279049,NA,32329,10581,2020-21,2022-04-04
2021-03-29T00:00:00Z,NA,NA,NA,NA,NA,NA,NA,2020-21,2022-03-29
2021-03-30T00:00:00Z,NA,NA,NA,NA,NA,NA,NA,2020-21,2022-03-30
2021-03-31T00:00:00Z,NA,NA,NA,NA,NA,NA,NA,2020-21,2022-03-31
2021-04-01T00:00:00Z,NA,NA,NA,NA,NA,NA,NA,2020-21,2022-04-01
2021-04-02T00:00:00Z,NA,NA,NA,NA,NA,NA,NA,2020-21,2022-04-02
2021-04-03T00:00:00Z,NA,NA,NA,NA,NA,NA,NA,2020-21,2022-04-03
2021-04-04T00:00:00Z,NA,NA,NA,NA,NA,NA,NA,2020-21,2022-04-04
2019-12-02T00:00:00Z,0,93405,97742,0.8450402144772118,NA,43537,15545,2019-20,2021-12-02
2019-12-03T00:00:00Z,0,92331,96758,0.8406862745098039,NA,43298,15503,2019-20,2021-12-03
2019-12-04T00:00:00Z,0,92229,96777,0.8488308863512779,NA,42813,15486,2019-20,2021-12-04
2019-12-05T00:00:00Z,0,91848,96698,0.8384030418250951,NA,42242,15377,2019-20,2021-12-05
2019-12-06T00:00:00Z,0,90124,95781,0.8223864258347017,NA,40076,14792,2019-20,2021-12-06
2019-12-07T00:00:00Z,0,90059,95966,0.8095369349503859,NA,41167,15185,2019-20,2021-12-07
2019-12-08T00:00:00Z,0,92135,97003,0.8101788170563962,NA,43344,15798,2019-20,2021-12-08
2019-12-09T00:00:00Z,0,93378,97518,0.835236541598695,NA,43315,15773,2019-20,2021-12-09
2019-12-10T00:00:00Z,0,93317,97525,0.850244167118828,NA,43182,15662,2019-20,2021-12-10
2019-12-11T00:00:00Z,0,92969,97423,0.8559436772271866,NA,41888,15282,2019-20,2021-12-11
2019-12-12T00:00:00Z,0,92904,97396,0.8396533044420368,NA,41872,15323,2019-20,2021-12-12
2019-12-13T00:00:00Z,0,90886,96900,0.8518216421968461,NA,39836,14731,2019-20,2021-12-13
2019-12-14T00:00:00Z,0,89799,96077,0.8152831225948324,NA,40697,15041,2019-20,2021-12-14
2019-12-15T00:00:00Z,0,91777,96635,0.8163377192982456,NA,43315,15722,2019-20,2021-12-15
2019-12-16T00:00:00Z,0,92830,97097,0.8459664320519762,NA,43190,15664,2019-20,2021-12-16
2019-12-17T00:00:00Z,0,93410,97576,0.8628771551724138,NA,43058,15586,2019-20,2021-12-17
2019-12-18T00:00:00Z,0,91971,97369,0.863021115322144,NA,42477,15400,2019-20,2021-12-18
2019-12-19T00:00:00Z,0,92214,97230,0.8652694610778443,NA,41387,15000,2019-20,2021-12-19
2019-12-20T00:00:00Z,0,89792,96742,0.8331963845521775,NA,39451,14462,2019-20,2021-12-20
2019-12-21T00:00:00Z,0,89165,96449,0.8159492273730684,NA,39209,14464,2019-20,2021-12-21
2019-12-22T00:00:00Z,0,90085,96662,0.8011567061415588,NA,40934,14738,2019-20,2021-12-22
2019-12-23T00:00:00Z,0,88499,96401,0.8073770491803278,NA,39802,14343,2019-20,2021-12-23
2019-12-24T00:00:00Z,0,79773,94502,0.780373831775701,NA,37006,13605,2019-20,2021-12-24
2019-12-25T00:00:00Z,0,80748,95140,0.7601859447634673,NA,38679,14173,2019-20,2021-12-25
2019-12-26T00:00:00Z,0,84487,95520,0.7732970027247956,NA,41486,14828,2019-20,2021-12-26
2019-12-27T00:00:00Z,0,87034,95879,0.7942622950819672,NA,41711,14894,2019-20,2021-12-27
2019-12-28T00:00:00Z,0,88019,96037,0.7988426563791678,NA,42685,15237,2019-20,2021-12-28
2019-12-29T00:00:00Z,0,90771,97238,0.7886937431394072,NA,44060,15544,2019-20,2021-12-29
2019-12-30T00:00:00Z,0,91985,97683,0.8110086767895879,NA,45287,16018,2019-20,2021-12-30
2019-12-31T00:00:00Z,0,90571,97200,0.8249250068175621,NA,43456,15831,2019-20,2021-12-31
2020-01-01T00:00:00Z,0,90968,97465,0.8080697928026173,NA,44498,16499,2019-20,2022-01-01
2020-01-02T00:00:00Z,0,92495,97844,0.8342376559956592,NA,44544,16665,2019-20,2022-01-02
2020-01-03T00:00:00Z,0,90589,96014,0.8322510822510822,NA,42922,16300,2019-20,2022-01-03
2020-01-04T00:00:00Z,0,90801,96219,0.81793254729915,NA,43611,16601,2019-20,2022-01-04
2020-01-05T00:00:00Z,0,92930,97577,0.8365145228215768,NA,45739,16976,2019-20,2022-01-05
2020-01-06T00:00:00Z,0,94632,98949,0.8553272038939967,NA,46722,17314,2019-20,2022-01-06
2020-01-07T00:00:00Z,0,95006,98983,0.8600811907983762,NA,45788,17231,2019-20,2022-01-07
2020-01-08T00:00:00Z,0,94771,98807,0.8577224776846092,NA,44584,17052,2019-20,2022-01-08
2020-01-09T00:00:00Z,0,93788,98102,0.8634027589937787,NA,43948,16903,2019-20,2022-01-09
2020-01-10T00:00:00Z,0,91630,97717,0.8344191096634094,NA,43044,16646,2019-20,2022-01-10
2020-01-11T00:00:00Z,0,91889,97966,0.8217903093347934,NA,43617,16968,2019-20,2022-01-11
2020-01-12T00:00:00Z,0,93497,98399,0.8203723986856517,NA,45587,17495,2019-20,2022-01-12
2020-01-13T00:00:00Z,0,94242,98430,0.8365019011406845,NA,45435,17322,2019-20,2022-01-13
2020-01-14T00:00:00Z,0,93723,98401,0.8501355013550136,NA,44761,17026,2019-20,2022-01-14
2020-01-15T00:00:00Z,0,94207,98516,0.8453023758099352,NA,44833,16799,2019-20,2022-01-15
2020-01-16T00:00:00Z,0,93951,98411,0.8491228070175438,NA,43814,16603,2019-20,2022-01-16
2020-01-17T00:00:00Z,0,92379,98014,0.8333786354987769,NA,43107,16348,2019-20,2022-01-17
2020-01-18T00:00:00Z,0,91786,97792,0.8077345035655513,NA,43763,16620,2019-20,2022-01-18
2020-01-19T00:00:00Z,0,92542,97864,0.8013172338090011,NA,45530,17079,2019-20,2022-01-19
2020-01-20T00:00:00Z,0,93819,98539,0.8135179153094463,NA,45750,17127,2019-20,2022-01-20
2020-01-21T00:00:00Z,0,93464,98367,0.8229704045614987,NA,45215,16810,2019-20,2022-01-21
2020-01-22T00:00:00Z,0,93014,98248,0.8284087828679859,NA,44663,16530,2019-20,2022-01-22
2020-01-23T00:00:00Z,0,92669,98143,0.8434782608695652,NA,43876,16279,2019-20,2022-01-23
2020-01-24T00:00:00Z,0,90596,97361,0.8255782312925171,NA,42588,16169,2019-20,2022-01-24
2020-01-25T00:00:00Z,0,90762,97350,0.8090909090909091,NA,43129,16497,2019-20,2022-01-25
2020-01-26T00:00:00Z,0,92515,97922,0.790052212146194,NA,45012,17015,2019-20,2022-01-26
2020-01-27T00:00:00Z,0,93985,98517,0.820952380952381,NA,45085,16932,2019-20,2022-01-27
2020-01-28T00:00:00Z,0,93613,98494,0.8303838823849714,NA,44678,16840,2019-20,2022-01-28
2020-01-29T00:00:00Z,0,94126,98415,0.8468223791417708,NA,44131,16692,2019-20,2022-01-29
2020-01-30T00:00:00Z,0,92496,97031,0.8330596606458676,NA,42847,16206,2019-20,2022-01-30
2020-01-31T00:00:00Z,0,92029,97857,0.8236734693877551,NA,42123,16236,2019-20,2022-01-31
2020-02-01T00:00:00Z,0,91427,97672,0.8014827018121911,NA,42881,16489,2019-20,2022-02-01
2020-02-02T00:00:00Z,0,92980,98232,0.7991182143841279,NA,44938,17021,2019-20,2022-02-02
2020-02-03T00:00:00Z,0,94011,98564,0.8302603036876356,NA,45213,16937,2019-20,2022-02-03
2020-02-04T00:00:00Z,0,93958,98546,0.8302193338748984,NA,44714,16741,2019-20,2022-02-04
2020-02-05T00:00:00Z,0,93168,98197,0.8380358111774281,NA,44217,16566,2019-20,2022-02-05
2020-02-06T00:00:00Z,0,92018,98164,0.8157680845299377,NA,43490,16265,2019-20,2022-02-06
2020-02-07T00:00:00Z,0,90273,97212,0.8194025760482324,NA,41379,15662,2019-20,2022-02-07
2020-02-08T00:00:00Z,0,90380,97398,0.7926191131919581,NA,42244,16000,2019-20,2022-02-08
2020-02-09T00:00:00Z,0,91197,96902,0.7690195001373249,NA,44382,16620,2019-20,2022-02-09
2020-02-10T00:00:00Z,0,93293,98294,0.8188720173535792,NA,44998,16811,2019-20,2022-02-10
2020-02-11T00:00:00Z,0,92929,98160,0.828307525129041,NA,44414,16613,2019-20,2022-02-11
2020-02-12T00:00:00Z,0,92878,97994,0.827866630523177,NA,43882,16494,2019-20,2022-02-12
2020-02-13T00:00:00Z,0,92469,97984,0.8248648648648649,NA,43217,16346,2019-20,2022-02-13
2020-02-14T00:00:00Z,0,90453,97402,0.8227779287849959,NA,41918,16038,2019-20,2022-02-14
2020-02-15T00:00:00Z,0,90383,97530,0.8020346439373109,NA,42311,16295,2019-20,2022-02-15
2020-02-16T00:00:00Z,0,91655,97657,0.7878954607977992,NA,44026,16589,2019-20,2022-02-16
2020-02-17T00:00:00Z,0,92920,98139,0.8166983954310579,NA,44619,16757,2019-20,2022-02-17
2020-02-18T00:00:00Z,0,92876,98158,0.8132464712269273,NA,44265,16576,2019-20,2022-02-18
2020-02-19T00:00:00Z,0,92348,97998,0.8182065217391304,NA,43722,16447,2019-20,2022-02-19
2020-02-20T00:00:00Z,0,91825,97840,0.8176645895421295,NA,43250,16264,2019-20,2022-02-20
2020-02-21T00:00:00Z,0,90283,97364,0.8167710318540703,NA,41771,15901,2019-20,2022-02-21
2020-02-22T00:00:00Z,0,89827,97257,0.7980716253443526,NA,42150,15993,2019-20,2022-02-22
2020-02-23T00:00:00Z,0,91517,97776,0.7922042272852045,NA,44140,16535,2019-20,2022-02-23
2020-02-24T00:00:00Z,0,93179,98422,0.812787862367922,NA,44737,16646,2019-20,2022-02-24
2020-02-25T00:00:00Z,0,92417,97391,0.8353741496598639,NA,43857,16371,2019-20,2022-02-25
2020-02-26T00:00:00Z,0,92051,97275,0.8421913327882257,NA,43242,16154,2019-20,2022-02-26
2020-02-27T00:00:00Z,0,91735,97180,0.8280653950953678,NA,42672,16007,2019-20,2022-02-27
2020-02-28T00:00:00Z,0,90472,97478,0.8105320304017373,NA,41383,15830,2019-20,2022-02-28
2020-02-29T00:00:00Z,0,89904,97263,0.798956330678385,NA,41896,15908,2019-20,NA
2020-03-01T00:00:00Z,0,91780,97868,0.7942794279427943,NA,44239,16517,2019-20,2022-03-01
2018-12-03T00:00:00Z,0,91533,96403,0.8241639697950378,NA,41141,15225,2018-19,2021-12-03
2018-12-04T00:00:00Z,0,91322,96276,0.8407008086253369,NA,40753,15032,2018-19,2021-12-04
2018-12-05T00:00:00Z,0,91143,96173,0.8402815376285869,NA,40492,14897,2018-19,2021-12-05
2018-12-06T00:00:00Z,0,90862,96006,0.8331983805668016,NA,40252,14774,2018-19,2021-12-06
2018-12-07T00:00:00Z,0,89333,95906,0.8184281842818428,NA,39681,14620,2018-19,2021-12-07
2018-12-08T00:00:00Z,0,89021,95826,0.8018092105263158,NA,40304,14755,2018-19,2021-12-08
2018-12-09T00:00:00Z,0,89822,95756,0.7905386929176921,NA,41986,15170,2018-19,2021-12-09
2018-12-10T00:00:00Z,0,91324,96290,0.8273905996758509,NA,41773,14951,2018-19,2021-12-10
2018-12-11T00:00:00Z,0,91034,96295,0.8272972972972973,NA,41421,14841,2018-19,2021-12-11
2018-12-12T00:00:00Z,0,90584,96204,0.8333333333333334,NA,40380,14567,2018-19,2021-12-12
2018-12-13T00:00:00Z,0,89723,95929,0.8332883733477205,NA,39773,14422,2018-19,2021-12-13
2018-12-14T00:00:00Z,0,87584,95285,0.7979274611398963,NA,38354,14153,2018-19,2021-12-14
2018-12-15T00:00:00Z,0,86604,94442,0.7916666666666666,NA,38651,14356,2018-19,2021-12-15
2018-12-16T00:00:00Z,0,88932,95604,0.7793555434188968,NA,40554,14830,2018-19,2021-12-16
2018-12-17T00:00:00Z,0,90472,96115,0.8206168831168831,NA,40579,14821,2018-19,2021-12-17
2018-12-18T00:00:00Z,0,90329,95998,0.8251012145748988,NA,39831,14621,2018-19,2021-12-18
2018-12-19T00:00:00Z,0,89766,95929,0.8378085164090046,NA,38733,14304,2018-19,2021-12-19
2018-12-20T00:00:00Z,0,88310,95605,0.8230040595399188,NA,37772,13987,2018-19,2021-12-20
2018-12-21T00:00:00Z,0,84689,94822,0.8068150590821654,NA,35585,13358,2018-19,2021-12-21
2018-12-22T00:00:00Z,0,82565,94545,0.7906655619994477,NA,35183,13257,2018-19,2021-12-22
2018-12-23T00:00:00Z,0,83081,94753,0.761001100110011,NA,36081,13490,2018-19,2021-12-23
2018-12-24T00:00:00Z,0,76854,94336,0.753913759956056,NA,34888,13210,2018-19,2021-12-24
2018-12-25T00:00:00Z,0,77117,94082,0.7427944002195992,NA,36195,13542,2018-19,2021-12-25
2018-12-26T00:00:00Z,0,81018,94384,0.7420951333516634,NA,38724,14090,2018-19,2021-12-26
2018-12-27T00:00:00Z,0,84895,94864,0.7766857766857767,NA,39548,14314,2018-19,2021-12-27
2018-12-28T00:00:00Z,0,85383,94909,0.7955725608089642,NA,39105,14281,2018-19,2021-12-28
2018-12-29T00:00:00Z,0,86329,94860,0.7802137571937517,NA,39654,14448,2018-19,2021-12-29
2018-12-30T00:00:00Z,0,87985,95104,0.7829308452250274,NA,41447,14856,2018-19,2021-12-30
2018-12-31T00:00:00Z,0,87678,95772,0.8194291986827662,NA,40869,15039,2018-19,2021-12-31
2019-01-01T00:00:00Z,0,88686,95792,0.8114395183360701,NA,41781,15598,2018-19,2022-01-01
2019-01-02T00:00:00Z,0,90335,96366,0.8383036935704514,NA,41867,15659,2018-19,2022-01-02
2019-01-03T00:00:00Z,0,90793,96560,0.8548870133405935,NA,41732,15562,2018-19,2022-01-03
2019-01-04T00:00:00Z,0,89491,96164,0.8479212253829321,NA,40708,15334,2018-19,2022-01-04
2019-01-05T00:00:00Z,0,89501,95982,0.8274725274725274,NA,41452,15631,2018-19,2022-01-05
2019-01-06T00:00:00Z,0,91237,96892,0.8303595937414219,NA,43400,16126,2018-19,2022-01-06
2019-01-07T00:00:00Z,0,92932,97445,0.8671195652173913,NA,43479,16274,2018-19,2022-01-07
2019-01-08T00:00:00Z,0,93289,97818,0.8732508073196986,NA,42738,16163,2018-19,2022-01-08
2019-01-09T00:00:00Z,0,92401,97238,0.8678021086780211,NA,42018,15914,2018-19,2022-01-09
2019-01-10T00:00:00Z,0,92405,97385,0.8611561318206374,NA,41830,15885,2018-19,2022-01-10
2019-01-11T00:00:00Z,0,90948,96742,0.8376116071428571,NA,40737,15692,2018-19,2022-01-11
2019-01-12T00:00:00Z,0,90249,96630,0.8328267477203647,NA,41373,15827,2018-19,2022-01-12
2019-01-13T00:00:00Z,0,92193,97478,0.8250888220825362,NA,43159,16309,2018-19,2022-01-13
2019-01-14T00:00:00Z,0,93107,97890,0.8657482441923284,NA,42826,15823,2018-19,2022-01-14
2019-01-15T00:00:00Z,0,93231,97911,0.8807661181548422,NA,43002,15767,2018-19,2022-01-15
2019-01-16T00:00:00Z,0,93249,97843,0.878494623655914,NA,42669,15614,2018-19,2022-01-16
2019-01-17T00:00:00Z,0,92817,97858,0.8599515216805818,NA,41937,15507,2018-19,2022-01-17
2019-01-18T00:00:00Z,0,90936,97135,0.8392082429501084,NA,41004,15345,2018-19,2022-01-18
2019-01-19T00:00:00Z,0,90429,96882,0.8183063853110442,NA,41520,15518,2018-19,2022-01-19
2019-01-20T00:00:00Z,0,92274,97541,0.8235454051114737,NA,43411,16000,2018-19,2022-01-20
2019-01-21T00:00:00Z,0,93274,97792,0.8602960969044414,NA,43671,16009,2018-19,2022-01-21
2019-01-22T00:00:00Z,0,93407,97869,0.868066774367259,NA,43258,15701,2018-19,2022-01-22
2019-01-23T00:00:00Z,0,92661,97360,0.8705659355537504,NA,42476,15475,2018-19,2022-01-23
2019-01-24T00:00:00Z,0,92671,97756,0.8661099137931034,NA,42113,15400,2018-19,2022-01-24
2019-01-25T00:00:00Z,0,90713,97173,0.8472449536279324,NA,40945,15144,2018-19,2022-01-25
2019-01-26T00:00:00Z,0,90747,97043,0.834763354553003,NA,41240,15294,2018-19,2022-01-26
2019-01-27T00:00:00Z,0,92695,97852,0.8216630196936543,NA,43139,15826,2018-19,2022-01-27
2019-01-28T00:00:00Z,0,94316,98592,0.8559482060965741,NA,43537,15835,2018-19,2022-01-28
2019-01-29T00:00:00Z,0,94233,98503,0.8626284478096268,NA,43285,15797,2018-19,2022-01-29
2019-01-30T00:00:00Z,0,93786,98376,0.8711590296495957,NA,42767,15662,2018-19,2022-01-30
2019-01-31T00:00:00Z,0,93175,98145,0.8722312263641275,NA,42252,15519,2018-19,2022-01-31
2019-02-01T00:00:00Z,0,91632,97563,0.8659821669818968,NA,41057,15280,2018-19,2022-02-01
2019-02-02T00:00:00Z,0,91399,97549,0.8304300489929233,NA,41722,15471,2018-19,2022-02-02
2019-02-03T00:00:00Z,0,93009,98177,0.8351468988030468,NA,43757,15893,2018-19,2022-02-03
2019-02-04T00:00:00Z,0,94474,98757,0.8627768773635872,NA,43889,15831,2018-19,2022-02-04
2019-02-05T00:00:00Z,0,94497,98729,0.8642375168690958,NA,43699,15800,2018-19,2022-02-05
2019-02-06T00:00:00Z,0,94245,98463,0.8727468388485338,NA,43018,15625,2018-19,2022-02-06
2019-02-07T00:00:00Z,0,94052,98487,0.86333064299166,NA,42418,15539,2018-19,2022-02-07
2019-02-08T00:00:00Z,0,92098,97080,0.8673972602739726,NA,39951,14833,2018-19,2022-02-08
2019-02-09T00:00:00Z,0,90539,96297,0.8316198944151153,NA,40835,15056,2018-19,2022-02-09
2019-02-10T00:00:00Z,0,93497,98396,0.8330150068212824,NA,43799,15909,2018-19,2022-02-10
2019-02-11T00:00:00Z,0,94568,98826,0.8620689655172413,NA,43858,15901,2018-19,2022-02-11
2019-02-12T00:00:00Z,0,94381,98758,0.8661459736062483,NA,43792,15773,2018-19,2022-02-12
2019-02-13T00:00:00Z,0,93807,98454,0.8699406368051807,NA,43130,15617,2018-19,2022-02-13
2019-02-14T00:00:00Z,0,93144,98205,0.8636240885768296,NA,42461,15484,2018-19,2022-02-14
2019-02-15T00:00:00Z,0,90683,97601,0.8515413737155219,NA,41647,15241,2018-19,2022-02-15
2019-02-16T00:00:00Z,0,90634,97450,0.8229166666666666,NA,41988,15483,2018-19,2022-02-16
2019-02-17T00:00:00Z,0,92197,97998,0.820801317233809,NA,43968,15927,2018-19,2022-02-17
2019-02-18T00:00:00Z,0,93626,98329,0.8387096774193549,NA,43320,15885,2018-19,2022-02-18
2019-02-19T00:00:00Z,0,93463,98354,0.8589916419520086,NA,43297,15718,2018-19,2022-02-19
2019-02-20T00:00:00Z,0,92829,98164,0.8547516198704104,NA,42950,15648,2018-19,2022-02-20
2019-02-21T00:00:00Z,0,92155,98051,0.8443000270782561,NA,42064,15450,2018-19,2022-02-21
2019-02-22T00:00:00Z,0,89968,97162,0.8246289169873557,NA,40991,15202,2018-19,2022-02-22
2019-02-23T00:00:00Z,0,89625,97012,0.8137685134393856,NA,41800,15530,2018-19,2022-02-23
2019-02-24T00:00:00Z,0,91493,97662,0.8013154288846259,NA,43729,16077,2018-19,2022-02-24
2019-02-25T00:00:00Z,0,92677,98092,0.8352272727272727,NA,43522,16113,2018-19,2022-02-25
2019-02-26T00:00:00Z,0,92868,98050,0.8494594594594594,NA,43450,16297,2018-19,2022-02-26
2019-02-27T00:00:00Z,0,92108,97852,0.8416350839198701,NA,42585,16184,2018-19,2022-02-27
2019-02-28T00:00:00Z,0,91983,97673,0.8369770580296896,NA,41894,15997,2018-19,2022-02-28
2019-03-01T00:00:00Z,0,89883,97157,0.8150871459694989,NA,40100,15536,2018-19,2022-03-01
2019-03-02T00:00:00Z,0,89815,96983,0.8025233132199671,NA,41262,16026,2018-19,2022-03-02
2019-03-03T00:00:00Z,0,91652,97588,0.7932443475892127,NA,43237,16517,2018-19,2022-03-03
2017-11-20T00:00:00Z,0,91001,95593,0.8086860912589334,NA,43655,16939,2017-18,2021-11-20
2017-11-21T00:00:00Z,0,90431,94821,0.8334735071488646,NA,43191,16812,2017-18,2021-11-21
2017-11-22T00:00:00Z,0,91516,95896,0.8371254162042175,NA,43295,16728,2017-18,2021-11-22
2017-11-23T00:00:00Z,0,91376,96322,0.8397609994568169,NA,42079,16458,2017-18,2021-11-23
2017-11-24T00:00:00Z,0,87366,94125,0.8100197016605686,NA,40038,15748,2017-18,2021-11-24
2017-11-25T00:00:00Z,0,86961,93879,0.7978003384094755,NA,40549,15958,2017-18,2021-11-25
2017-11-26T00:00:00Z,0,88926,94584,0.7883597883597884,NA,42759,16570,2017-18,2021-11-26
2017-11-27T00:00:00Z,0,91860,96416,0.824817518248175,NA,44111,16972,2017-18,2021-11-27
2017-11-28T00:00:00Z,0,92148,96544,0.842972972972973,NA,44061,16821,2017-18,2021-11-28
2017-11-29T00:00:00Z,0,91523,96384,0.849851471779638,NA,43748,16761,2017-18,2021-11-29
2017-11-30T00:00:00Z,0,91084,96298,0.850161987041037,NA,42771,16488,2017-18,2021-11-30
2017-12-01T00:00:00Z,0,89079,95568,0.821153846153846,NA,41438,16238,2017-18,2021-12-01
2017-12-02T00:00:00Z,0,90013,96574,0.805411314566822,NA,42682,16762,2017-18,2021-12-02
2017-12-03T00:00:00Z,0,90996,96250,0.802603036876356,NA,44307,17207,2017-18,2021-12-03
2017-12-04T00:00:00Z,0,92209,96628,0.84734693877551,NA,44138,16819,2017-18,2021-12-04
2017-12-05T00:00:00Z,0,92177,96706,0.862665585293322,NA,44154,16996,2017-18,2021-12-05
2017-12-06T00:00:00Z,0,92500,96882,0.869938321265755,NA,43799,16958,2017-18,2021-12-06
2017-12-07T00:00:00Z,0,92026,96575,0.867833109017497,NA,42678,16499,2017-18,2021-12-07
2017-12-08T00:00:00Z,0,89160,95414,0.834946087918164,NA,41071,16019,2017-18,2021-12-08
2017-12-09T00:00:00Z,0,88679,95220,0.829605081469207,NA,41409,16105,2017-18,2021-12-09
2017-12-10T00:00:00Z,0,90131,96050,0.928006544859558,NA,43744,16718,2017-18,2021-12-10
2017-12-11T00:00:00Z,0,92671,96935,0.8501355013550136,NA,44581,17164,2017-18,2021-12-11
2017-12-12T00:00:00Z,0,92751,97020,0.855787476280835,NA,44730,17167,2017-18,2021-12-12
2017-12-13T00:00:00Z,0,92263,96457,0.861863488624052,NA,43808,16908,2017-18,2021-12-13
2017-12-14T00:00:00Z,0,91992,96462,0.8636856368563686,NA,43284,16742,2017-18,2021-12-14
2017-12-15T00:00:00Z,0,90149,95436,0.8484516305837215,NA,41755,16497,2017-18,2021-12-15
2017-12-16T00:00:00Z,0,88825,94606,0.8432191590086326,NA,42377,16534,2017-18,2021-12-16
2017-12-17T00:00:00Z,0,90630,95674,0.8409153570443894,NA,44456,17022,2017-18,2021-12-17
2017-12-18T00:00:00Z,0,92215,96793,0.8616386326641345,NA,44167,17006,2017-18,2021-12-18
2017-12-19T00:00:00Z,0,92296,97155,0.8522819335673778,NA,43879,16875,2017-18,2021-12-19
2017-12-20T00:00:00Z,0,91232,96894,0.8363047001620746,NA,42954,16512,2017-18,2021-12-20
2017-12-21T00:00:00Z,0,89170,96564,0.8350431965442765,NA,41296,15923,2017-18,2021-12-21
2017-12-22T00:00:00Z,0,83284,93943,0.806836679327184,NA,37746,14844,2017-18,2021-12-22
2017-12-23T00:00:00Z,0,80072,93116,0.7820620284995808,NA,36699,14762,2017-18,2021-12-23
2017-12-24T00:00:00Z,0,75745,89968,0.7729232538085656,NA,36136,14567,2017-18,2021-12-24
2017-12-25T00:00:00Z,0,82311,94966,0.7671797691039033,NA,41040,15990,2017-18,2021-12-25
2017-12-26T00:00:00Z,0,86072,95609,0.7843886462882096,NA,43839,16638,2017-18,2021-12-26
2017-12-27T00:00:00Z,0,89281,96602,0.8253405994550409,NA,43767,16620,2017-18,2021-12-27
2017-12-28T00:00:00Z,0,90812,96977,0.8467588825603471,NA,43962,16642,2017-18,2021-12-28
2017-12-29T00:00:00Z,0,89278,96248,0.8311546840958606,NA,43020,16419,2017-18,2021-12-29
2017-12-30T00:00:00Z,0,90082,96735,0.8356126914660832,NA,44431,16883,2017-18,2021-12-30
2017-12-31T00:00:00Z,0,89514,95770,0.8415620641562064,NA,44813,16698,2017-18,2021-12-31
2018-01-01T00:00:00Z,0,92994,98007,0.8405288720992984,NA,46693,17562,2017-18,2022-01-01
2018-01-02T00:00:00Z,0,94847,99116,0.8828293736501079,NA,46793,17827,2017-18,2022-01-02
2018-01-03T00:00:00Z,0,95015,99202,0.8784619521376714,NA,46706,17686,2017-18,2022-01-03
2018-01-04T00:00:00Z,0,94300,98821,0.8856604788808179,NA,46363,17676,2017-18,2022-01-04
2018-01-05T00:00:00Z,0,92649,98214,0.8779368079935188,NA,44655,17155,2017-18,2022-01-05
2018-01-06T00:00:00Z,0,92114,98060,0.8648648648648649,NA,45575,17456,2017-18,2022-01-06
2018-01-07T00:00:00Z,0,93771,98635,0.8460091373286751,NA,46762,17811,2017-18,2022-01-07
2018-01-08T00:00:00Z,0,94825,99201,0.8803763440860215,NA,45972,17623,2017-18,2022-01-08
2018-01-09T00:00:00Z,0,94736,98987,0.8741615240139522,NA,45825,17609,2017-18,2022-01-09
2018-01-10T00:00:00Z,0,94251,98714,0.8716577540106952,NA,46172,17811,2017-18,2022-01-10
2018-01-11T00:00:00Z,0,93833,98670,0.8780814576634512,NA,45763,17702,2017-18,2022-01-11
2018-01-12T00:00:00Z,0,92495,98620,0.8628617798214768,NA,44976,17515,2017-18,2022-01-12
2018-01-13T00:00:00Z,0,91284,97509,0.8541780447842708,NA,44886,17642,2017-18,2022-01-13
2018-01-14T00:00:00Z,0,93438,98577,0.8606978631322694,NA,46922,18146,2017-18,2022-01-14
2018-01-15T00:00:00Z,0,94687,99095,0.8757046979865771,NA,46689,17933,2017-18,2022-01-15
2018-01-16T00:00:00Z,0,94704,98921,0.874731182795699,NA,46586,17614,2017-18,2022-01-16
2018-01-17T00:00:00Z,0,94059,98801,0.8734211233539371,NA,46135,17509,2017-18,2022-01-17
2018-01-18T00:00:00Z,0,93713,98625,0.8642954856361149,NA,45615,17459,2017-18,2022-01-18
2018-01-19T00:00:00Z,0,91069,96989,0.8760814959531119,NA,44241,17113,2017-18,2022-01-19
2018-01-20T00:00:00Z,0,90667,97120,0.853781512605042,NA,44748,17368,2017-18,2022-01-20
2018-01-21T00:00:00Z,0,92734,98008,0.844180915609487,NA,46727,18006,2017-18,2022-01-21
2018-01-22T00:00:00Z,0,94802,99074,0.8620877623330607,NA,47001,17980,2017-18,2022-01-22
2018-01-23T00:00:00Z,0,95142,99098,0.8625373539798967,NA,46574,17925,2017-18,2022-01-23
2018-01-24T00:00:00Z,0,94729,98904,0.8611035607502039,NA,46148,17828,2017-18,2022-01-24
2018-01-25T00:00:00Z,0,93898,98669,0.8650190114068441,NA,45602,17901,2017-18,2022-01-25
2018-01-26T00:00:00Z,0,90624,96267,0.8476269775187344,NA,43518,17182,2017-18,2022-01-26
2018-01-27T00:00:00Z,0,91459,97395,0.8340807174887892,NA,44521,17600,2017-18,2022-01-27
2018-01-28T00:00:00Z,0,93782,98769,0.8277184333059435,NA,46761,18266,2017-18,2022-01-28
2018-01-29T00:00:00Z,0,94912,99089,0.8606110201854883,NA,46736,18149,2017-18,2022-01-29
2018-01-30T00:00:00Z,0,94844,99049,0.8648354636932282,NA,46236,18025,2017-18,2022-01-30
2018-01-31T00:00:00Z,0,94170,98641,0.8558975755924816,NA,45893,17932,2017-18,2022-01-31
2018-02-01T00:00:00Z,0,94077,98725,0.854155350353069,NA,45280,17855,2017-18,2022-02-01
2018-02-02T00:00:00Z,0,92186,97904,0.8497409326424871,NA,44195,17568,2017-18,2022-02-02
2018-02-03T00:00:00Z,0,91943,97723,0.8377180836333425,NA,44686,17869,2017-18,2022-02-03
2018-02-04T00:00:00Z,0,93226,98436,0.8270718232044199,NA,46415,18115,2017-18,2022-02-04
2018-02-05T00:00:00Z,0,94433,98853,0.8601360544217687,NA,46191,18058,2017-18,2022-02-05
2018-02-06T00:00:00Z,0,94680,98796,0.8687006265322801,NA,45802,17970,2017-18,2022-02-06
2018-02-07T00:00:00Z,0,94093,98614,0.8717248908296943,NA,45467,17877,2017-18,2022-02-07
2018-02-08T00:00:00Z,0,93455,98365,0.857686040195546,NA,44791,17703,2017-18,2022-02-08
2018-02-09T00:00:00Z,0,91930,97833,0.8556899395272127,NA,43967,17382,2017-18,2022-02-09
2018-02-10T00:00:00Z,0,90845,96615,0.8340819764177428,NA,43934,17537,2017-18,2022-02-10
2018-02-11T00:00:00Z,0,92795,97689,0.8375381203215969,NA,46074,18164,2017-18,2022-02-11
2018-02-12T00:00:00Z,0,94744,98873,0.838736039226369,NA,46043,18124,2017-18,2022-02-12
2018-02-13T00:00:00Z,0,94627,98969,0.854970124932102,NA,46064,18139,2017-18,2022-02-13
2018-02-14T00:00:00Z,0,93991,98655,0.861834961997828,NA,45843,18173,2017-18,2022-02-14
2018-02-15T00:00:00Z,0,93639,98538,0.861984148674501,NA,45048,17882,2017-18,2022-02-15
2018-02-16T00:00:00Z,0,91492,97359,0.841901603095633,NA,44103,17545,2017-18,2022-02-16
2018-02-17T00:00:00Z,0,92085,98022,0.83895960154953,NA,44382,17762,2017-18,2022-02-17
2018-02-18T00:00:00Z,0,94272,99072,0.831877729257642,NA,47022,18311,2017-18,2022-02-18
2018-02-19T00:00:00Z,0,95305,99298,0.870588235294118,NA,46702,18227,2017-18,2022-02-19
2018-02-20T00:00:00Z,0,95402,99226,0.875613747954173,NA,46338,18037,2017-18,2022-02-20
2018-02-21T00:00:00Z,0,94883,99048,0.872131147540984,NA,45266,17676,2017-18,2022-02-21
2018-02-22T00:00:00Z,0,94179,98741,0.867466593946005,NA,44614,17497,2017-18,2022-02-22
2018-02-23T00:00:00Z,0,92526,98123,0.84573153993961,NA,44054,17423,2017-18,2022-02-23
2018-02-24T00:00:00Z,0,92070,97978,0.83503730312241,NA,44694,17630,2017-18,2022-02-24
2018-02-25T00:00:00Z,0,93441,98263,0.832505518763797,NA,46617,18075,2017-18,2022-02-25
2018-02-26T00:00:00Z,0,92982,97057,0.861942405420666,NA,45997,17635,2017-18,2022-02-26
2018-02-27T00:00:00Z,0,94691,98991,0.869375511317153,NA,46480,17843,2017-18,2022-02-27
2018-02-28T00:00:00Z,0,93329,97721,0.86062621224716,NA,45724,17592,2017-18,2022-02-28
2018-03-01T00:00:00Z,0,93981,98652,0.870556309362279,NA,46237,17895,2017-18,2022-03-01
2018-03-02T00:00:00Z,0,91722,97428,0.848115299334812,NA,45488,17779,2017-18,2022-03-02
2018-03-03T00:00:00Z,0,92106,97527,0.831345353675451,NA,46087,18033,2017-18,2022-03-03
2018-03-04T00:00:00Z,0,94858,99237,0.823127392017496,NA,48304,18666,2017-18,2022-03-04
2016-12-01T00:00:00Z,0.9393233273976087,92312,98275,0.8431646631255242,NA,NA,NA,2016-17,2021-12-01
2016-12-02T00:00:00Z,0.8823477899161504,80606,91354,0.8252866626433313,NA,NA,NA,2016-17,2021-12-02
2016-12-03T00:00:00Z,0.8822028252351539,78127,88559,0.804478082623778,NA,NA,NA,2016-17,2021-12-03
2016-12-04T00:00:00Z,0.9088588232759549,84373,92834,0.8104613576256244,NA,NA,NA,2016-17,2021-12-04
2016-12-05T00:00:00Z,0.9518415319925021,93942,98695,0.8476768743400211,NA,NA,NA,2016-17,2021-12-05
2016-12-06T00:00:00Z,0.9542795254868618,94279,98796,0.852437417654809,NA,NA,NA,2016-17,2021-12-06
2016-12-07T00:00:00Z,0.9591985990935311,93119,97080,0.8716306378436082,NA,NA,NA,2016-17,2021-12-07
2016-12-08T00:00:00Z,0.9577510995376304,93420,97541,0.8674282678002125,NA,NA,NA,2016-17,2021-12-08
2016-12-09T00:00:00Z,0.928914204189274,85945,92522,0.8453900709219858,NA,NA,NA,2016-17,2021-12-09
2016-12-10T00:00:00Z,0.9270512369046571,84243,90872,0.8259620907524411,NA,NA,NA,2016-17,2021-12-10
2016-12-11T00:00:00Z,0.9430169208745713,91566,97099,0.8427397260273972,NA,NA,NA,2016-17,2021-12-11
2016-12-12T00:00:00Z,0.9549827536051199,91919,96252,0.8741998330086279,NA,NA,NA,2016-17,2021-12-12
2016-12-13T00:00:00Z,0.9558198190686622,91709,95948,0.875627440044618,NA,NA,NA,2016-17,2021-12-13
2016-12-14T00:00:00Z,0.9465530279804607,92624,97854,0.8663594470046083,NA,NA,NA,2016-17,2021-12-14
2016-12-15T00:00:00Z,0.9513645512971156,93111,97871,0.8679606342263532,NA,NA,NA,2016-17,2021-12-15
2016-12-16T00:00:00Z,0.9250990709708409,84740,91601,0.8468061051441492,NA,NA,NA,2016-17,2021-12-16
2016-12-17T00:00:00Z,0.9188582460630143,81862,89091,0.8217008797653959,NA,NA,NA,2016-17,2021-12-17
2016-12-18T00:00:00Z,0.9354299061487311,88907,95044,0.8214187137731161,NA,NA,NA,2016-17,2021-12-18
2016-12-19T00:00:00Z,0.9430890924229809,90612,96080,0.8273972602739726,NA,NA,NA,2016-17,2021-12-19
2016-12-20T00:00:00Z,0.9349163573498754,91935,98335,0.8423269281389839,NA,NA,NA,2016-17,2021-12-20
2016-12-21T00:00:00Z,0.9284024506136644,91832,98914,0.8361477572559367,NA,NA,NA,2016-17,2021-12-21
2016-12-22T00:00:00Z,0.9059197701856981,88300,97470,0.8365029054410987,NA,NA,NA,2016-17,2021-12-22
2016-12-23T00:00:00Z,0.8434064125353875,76863,91134,0.7981522956326987,NA,NA,NA,2016-17,2021-12-23
2016-12-24T00:00:00Z,0.8054272958487518,73786,91611,0.7831225948323255,NA,NA,NA,2016-17,2021-12-24
2016-12-25T00:00:00Z,0.8356531983593681,76606,91672,0.7661841027041791,NA,NA,NA,2016-17,2021-12-25
2016-12-26T00:00:00Z,0.8647170657723282,80960,93626,0.7810650887573964,NA,NA,NA,2016-17,2021-12-26
2016-12-27T00:00:00Z,0.905040823571175,86683,95778,0.7857905982905983,NA,NA,NA,2016-17,2021-12-27
2016-12-28T00:00:00Z,0.923823150374948,91040,98547,0.8267549668874172,NA,NA,NA,2016-17,2021-12-28
2016-12-29T00:00:00Z,0.9290922347794386,91746,98748,0.8379228953579858,NA,NA,NA,2016-17,2021-12-29
2016-12-30T00:00:00Z,0.9179191235769122,87642,95479,0.8478664192949907,NA,NA,NA,2016-17,2021-12-30
2016-12-31T00:00:00Z,0.9220633202685805,87750,95167,0.8389762729938683,NA,NA,NA,2016-17,2021-12-31
2017-01-01T00:00:00Z,0.9355998453225756,89521,95683,0.7661841027041791,NA,NA,NA,2016-17,2022-01-01
2017-01-02T00:00:00Z,0.9324220549838734,91065,97665,0.8249534450651769,NA,NA,NA,2016-17,2022-01-02
2017-01-03T00:00:00Z,0.9424728277187293,94170,99918,0.8637316561844863,NA,NA,NA,2016-17,2022-01-03
2017-01-04T00:00:00Z,0.9577459183571947,96264,100511,0.8793509552473174,NA,NA,NA,2016-17,2022-01-04
2017-01-05T00:00:00Z,0.9529363841392534,95914,100651,0.875712066286898,NA,NA,NA,2016-17,2022-01-05
2017-01-06T00:00:00Z,0.9470989591115095,95084,100395,0.8800623052959502,NA,NA,NA,2016-17,2022-01-06
2017-01-07T00:00:00Z,0.9449424329723056,94138,99623,0.8793509552473174,NA,NA,NA,2016-17,2022-01-07
2017-01-08T00:00:00Z,0.9534547968603847,93778,98356,0.7661841027041791,NA,NA,NA,2016-17,2022-01-08
2017-01-09T00:00:00Z,0.9638314666240371,96467,100087,0.8654045643153527,NA,NA,NA,2016-17,2022-01-09
2017-01-10T00:00:00Z,0.9643711049269,98416,102052,0.8697210135653954,NA,NA,NA,2016-17,2022-01-10
2017-01-11T00:00:00Z,0.9606659729448491,96936,100905,0.8704609837754314,NA,NA,NA,2016-17,2022-01-11
2017-01-12T00:00:00Z,0.9555980182611522,97019,101527,0.8624143384290985,NA,NA,NA,2016-17,2022-01-12
2017-01-13T00:00:00Z,0.9401553542823177,93317,99257,0.8560311284046692,NA,NA,NA,2016-17,2022-01-13
2017-01-14T00:00:00Z,0.9367956349206349,94429,100800,0.8366182572614108,NA,NA,NA,2016-17,2022-01-14
2017-01-15T00:00:00Z,0.9468577075098814,95822,101200,0.8242015061023111,NA,NA,NA,2016-17,2022-01-15
2017-01-16T00:00:00Z,0.9558619871008587,96630,101092,0.8489720611491829,NA,NA,NA,2016-17,2022-01-16
2017-01-17T00:00:00Z,0.9573579915525204,97011,101332,0.863859467837768,NA,NA,NA,2016-17,2022-01-17
2017-01-18T00:00:00Z,0.9526388614350663,96388,101180,0.8598922247882987,NA,NA,NA,2016-17,2022-01-18
2017-01-19T00:00:00Z,0.9507070786927692,96203,101191,0.8638689866939611,NA,NA,NA,2016-17,2022-01-19
2017-01-20T00:00:00Z,0.9401011784192618,94216,100219,0.8655440414507772,NA,NA,NA,2016-17,2022-01-20
2017-01-21T00:00:00Z,0.9353307121883243,93968,100465,0.838810641627543,NA,NA,NA,2016-17,2022-01-21
2017-01-22T00:00:00Z,0.945251663335024,95046,100551,0.8118349338178044,NA,NA,NA,2016-17,2022-01-22
2017-01-23T00:00:00Z,0.9567013387746977,96115,100465,0.8495208495208495,NA,NA,NA,2016-17,2022-01-23
2017-01-24T00:00:00Z,0.9590226419951092,96868,101007,0.8574016563146998,NA,NA,NA,2016-17,2022-01-24
2017-01-25T00:00:00Z,0.9568917299240911,95804,100120,0.8601076095311299,NA,NA,NA,2016-17,2022-01-25
2017-01-26T00:00:00Z,0.952727236749676,96295,101073,0.8652809853733642,NA,NA,NA,2016-17,2022-01-26
2017-01-27T00:00:00Z,0.9395656661741788,92846,98818,0.8504721930745016,NA,NA,NA,2016-17,2022-01-27
2017-01-28T00:00:00Z,0.9400798395104257,92784,98698,0.83933736523797,NA,NA,NA,2016-17,2022-01-28
2017-01-29T00:00:00Z,0.9514727378306401,95035,99882,0.8402102496714849,NA,NA,NA,2016-17,2022-01-29
2017-01-30T00:00:00Z,0.9597798391591688,96431,100472,0.8560866120940058,NA,NA,NA,2016-17,2022-01-30
2017-01-31T00:00:00Z,0.9607520938523896,96472,100413,0.8782677581198838,NA,NA,NA,2016-17,2022-01-31
2017-02-01T00:00:00Z,0.9607633937919413,96354,100289,0.8781192540057788,NA,NA,NA,2016-17,2022-02-01
2017-02-02T00:00:00Z,0.9595958589491934,96306,100361,0.8680683311432326,NA,NA,NA,2016-17,2022-02-02
2017-02-03T00:00:00Z,0.9498378617897641,94317,99298,0.8700285937093839,NA,NA,NA,2016-17,2022-02-03
2017-02-04T00:00:00Z,0.9457830718223136,93851,99231,0.8528497409326425,NA,NA,NA,2016-17,2022-02-04
2017-02-05T00:00:00Z,0.9511900603762288,95314,100205,0.836840737853988,NA,NA,NA,2016-17,2022-02-05
2017-02-06T00:00:00Z,0.9594410126980074,97697,101827,0.8648925281473899,NA,NA,NA,2016-17,2022-02-06
2017-02-07T00:00:00Z,0.9573202505137104,97370,101711,0.8615934627170582,NA,NA,NA,2016-17,2022-02-07
2017-02-08T00:00:00Z,0.9547239638185415,96999,101599,0.871938775510204,NA,NA,NA,2016-17,2022-02-08
2017-02-09T00:00:00Z,0.9521777356291181,96388,101229,0.8606850715746421,NA,NA,NA,2016-17,2022-02-09
2017-02-10T00:00:00Z,0.9356459717944562,92352,98704,0.8377611555326283,NA,NA,NA,2016-17,2022-02-10
2017-02-11T00:00:00Z,0.9310978457290208,91715,98502,0.8219461697722568,NA,NA,NA,2016-17,2022-02-11
2017-02-12T00:00:00Z,0.9390023106700943,93873,99971,0.7967900595392182,NA,NA,NA,2016-17,2022-02-12
2017-02-13T00:00:00Z,0.9493965406283106,95890,101001,0.8356795495264909,NA,NA,NA,2016-17,2022-02-13
2017-02-14T00:00:00Z,0.9516166131629215,95155,99993,0.8439917483238782,NA,NA,NA,2016-17,2022-02-14
2017-02-15T00:00:00Z,0.948959645972039,95639,100783,0.8248399487836108,NA,NA,NA,2016-17,2022-02-15
2017-02-16T00:00:00Z,0.9465002982700338,95199,100580,0.84007164790174,NA,NA,NA,2016-17,2022-02-16
2017-02-17T00:00:00Z,0.9357480249994843,90732,96962,0.8198903680501175,NA,NA,NA,2016-17,2022-02-17
2017-02-18T00:00:00Z,0.931718586509474,89936,96527,0.8049934296977661,NA,NA,NA,2016-17,2022-02-18
2017-02-19T00:00:00Z,0.9405706929843382,92064,97881,0.7930577636459989,NA,NA,NA,2016-17,2022-02-19
2017-02-20T00:00:00Z,0.951617465801863,94193,98982,0.8271221532091098,NA,NA,NA,2016-17,2022-02-20
2017-02-21T00:00:00Z,0.95368477016195,93278,97808,0.8486877343331548,NA,NA,NA,2016-17,2022-02-21
2017-02-22T00:00:00Z,0.9531015897595753,94785,99449,0.8353941267387944,NA,NA,NA,2016-17,2022-02-22
2017-02-23T00:00:00Z,0.9497633088618767,94699,99708,0.8464912280701754,NA,NA,NA,2016-17,2022-02-23
2017-02-24T00:00:00Z,0.9278660763470916,90955,98026,0.838676048996612,NA,NA,NA,2016-17,2022-02-24
2017-02-25T00:00:00Z,0.9328192154113452,91809,98421,0.8149802890932983,NA,NA,NA,2016-17,2022-02-25
2017-02-26T00:00:00Z,0.9431797614977778,93803,99454,0.8038351904638508,NA,NA,NA,2016-17,2022-02-26
2017-02-27T00:00:00Z,0.9548196649859833,96390,100951,0.8293436293436294,NA,NA,NA,2016-17,2022-02-27
2017-02-28T00:00:00Z,0.9549863836046674,96085,100614,0.8422528032619776,NA,NA,NA,2016-17,2022-02-28
2017-03-01T00:00:00Z,0.950595728216982,95821,100801,0.8634507401735579,NA,NA,NA,2016-17,2022-03-01
2017-03-02T00:00:00Z,0.9488290632506005,94807,99920,0.8543266769073221,NA,NA,NA,2016-17,2022-03-02
2017-03-03T00:00:00Z,0.9272593984574243,89806,96851,0.8098909864397766,NA,NA,NA,2016-17,2022-03-03
2017-03-04T00:00:00Z,0.9251221511042875,89179,96397,0.7875964865584243,NA,NA,NA,2016-17,2022-03-04
2017-03-05T00:00:00Z,0.9414699731102479,94533,100410,0.7888803484499103,NA,NA,NA,2016-17,2022-03-05
2017-03-06T00:00:00Z,0.9530311142840145,96117,100854,0.8368541613642149,NA,NA,NA,2016-17,2022-03-06
2017-03-07T00:00:00Z,0.9528580667628476,95767,100505,0.8512375606021945,NA,NA,NA,2016-17,2022-03-07
2017-03-08T00:00:00Z,0.9511902380476095,95100,99980,0.8430722122990559,NA,NA,NA,2016-17,2022-03-08
2017-03-09T00:00:00Z,0.9468074449542203,94516,99826,0.8469778117827085,NA,NA,NA,2016-17,2022-03-09
2017-03-10T00:00:00Z,0.9314865504538065,90520,97178,0.8413865546218487,NA,NA,NA,2016-17,2022-03-10
2017-03-11T00:00:00Z,0.9252211203430716,89752,97006,0.8090572033898306,NA,NA,NA,2016-17,2022-03-11
2017-03-12T00:00:00Z,0.9365485031620514,93446,99777,0.801954732510288,NA,NA,NA,2016-17,2022-03-12
2015-11-30T00:00:00Z,0.9320880050335744,90365,96949,0.8470337855812716,NA,NA,NA,2015-16,2021-11-30
2015-12-01T00:00:00Z,0.9466926030821331,93928,99217,0.8371848739495799,NA,NA,NA,2015-16,2021-12-01
2015-12-02T00:00:00Z,0.9476058153115058,94120,99324,0.8629137346885588,NA,NA,NA,2015-16,2021-12-02
2015-12-03T00:00:00Z,0.9413015608147982,92513,98282,0.8718626155878467,NA,NA,NA,2015-16,2021-12-03
2015-12-04T00:00:00Z,0.9406975083158174,92194,98006,0.8109479305740988,NA,NA,NA,2015-16,2021-12-04
2015-12-07T00:00:00Z,0.9548229670837266,95087,99586,0.8480749219562955,NA,NA,NA,2015-16,2021-12-07
2015-12-08T00:00:00Z,0.9517149275827441,91929,96593,0.8567589357699543,NA,NA,NA,2015-16,2021-12-08
2015-12-09T00:00:00Z,0.9523513590610865,93479,98156,0.8624143384290985,NA,NA,NA,2015-16,2021-12-09
2015-12-10T00:00:00Z,0.948253257493243,94025,99156,0.865609565895503,NA,NA,NA,2015-16,2021-12-10
2015-12-11T00:00:00Z,0.9405882233378727,92552,98398,0.834695491695228,NA,NA,NA,2015-16,2021-12-11
2015-12-14T00:00:00Z,0.9435880913786333,93720,99323,0.8523647765874053,NA,NA,NA,2015-16,2021-12-14
2015-12-15T00:00:00Z,0.9548421976049126,93607,98034,0.8688054251434533,NA,NA,NA,2015-16,2021-12-15
2015-12-16T00:00:00Z,0.9454933193183885,93549,98942,0.8751303441084463,NA,NA,NA,2015-16,2021-12-16
2015-12-17T00:00:00Z,0.9469859737311497,93441,98672,0.8572540877238516,NA,NA,NA,2015-16,2021-12-17
2015-12-18T00:00:00Z,0.9338148271781022,92316,98859,0.8175163398692811,NA,NA,NA,2015-16,2021-12-18
2015-12-21T00:00:00Z,0.9332506153411613,92515,99132,0.8349514563106796,NA,NA,NA,2015-16,2021-12-21
2015-12-22T00:00:00Z,0.9157696092854316,90261,98563,0.8351160970519176,NA,NA,NA,2015-16,2021-12-22
2015-12-23T00:00:00Z,0.8716803253435209,84879,97374,0.8179675222629649,NA,NA,NA,2015-16,2021-12-23
2015-12-24T00:00:00Z,0.9001899355054163,86258,95822,0.7793880837359098,NA,NA,NA,2015-16,2021-12-24
2015-12-29T00:00:00Z,0.9242500127766137,90424,97835,0.8169348456871538,NA,NA,NA,2015-16,2021-12-29
2015-12-30T00:00:00Z,0.9199171732832837,90185,98036,0.8228283898305084,NA,NA,NA,2015-16,2021-12-30
2015-12-31T00:00:00Z,0.9274328162978437,95009,102443,0.8216175359032502,NA,NA,NA,2015-16,2021-12-31
2016-01-04T00:00:00Z,0.9510588188530373,95706,100631,0.8565851119208745,NA,NA,NA,2015-16,2022-01-04
2016-01-05T00:00:00Z,0.9545117304992982,95203,99740,0.8938679245283019,NA,NA,NA,2015-16,2022-01-05
2016-01-06T00:00:00Z,0.9547873396608554,96170,100724,0.8849032258064516,NA,NA,NA,2015-16,2022-01-06
2016-01-07T00:00:00Z,0.9523628392108187,95142,99901,0.878137128072445,NA,NA,NA,2015-16,2022-01-07
2016-01-08T00:00:00Z,0.9457810388105812,97964,103580,0.844449975111996,NA,NA,NA,2015-16,2022-01-08
2016-01-11T00:00:00Z,0.955829756795422,96210,100656,0.878482972136223,NA,NA,NA,2015-16,2022-01-11
2016-01-12T00:00:00Z,0.9480197273923481,94382,99557,0.8652185291808427,NA,NA,NA,2015-16,2022-01-12
2016-01-13T00:00:00Z,0.9495865697820095,94745,99775,0.8733160621761658,NA,NA,NA,2015-16,2022-01-13
2016-01-14T00:00:00Z,0.9470983457625765,94868,100167,0.8732212160413971,NA,NA,NA,2015-16,2022-01-14
2016-01-15T00:00:00Z,0.9385682413425163,96757,103090,0.835613031584183,NA,NA,NA,2015-16,2022-01-15
2016-01-18T00:00:00Z,0.950691354100445,95708,100672,0.8678562192914404,NA,NA,NA,2015-16,2022-01-18
2016-01-19T00:00:00Z,0.9527699922475997,95862,100614,0.8684549909724013,NA,NA,NA,2015-16,2022-01-19
2016-01-20T00:00:00Z,0.9534283950371418,95749,100426,0.871200412158681,NA,NA,NA,2015-16,2022-01-20
2016-01-21T00:00:00Z,0.9525633768649173,94239,98932,0.8733385457388585,NA,NA,NA,2015-16,2022-01-21
2016-01-22T00:00:00Z,0.9496514098203689,95213,100261,0.8494679470542434,NA,NA,NA,2015-16,2022-01-22
2016-01-25T00:00:00Z,0.9596488081001355,96295,100344,0.8615943910672552,NA,NA,NA,2015-16,2022-01-25
2016-01-26T00:00:00Z,0.9579188527110256,96586,100829,0.8906493506493507,NA,NA,NA,2015-16,2022-01-26
2016-01-27T00:00:00Z,0.9581575420658163,96520,100735,0.8792033109156752,NA,NA,NA,2015-16,2022-01-27
2016-01-28T00:00:00Z,0.9554872303496157,96337,100825,0.8780740357235309,NA,NA,NA,2015-16,2022-01-28
2016-01-29T00:00:00Z,0.9507739907378943,95877,100841,0.8512914166449257,NA,NA,NA,2015-16,2022-01-29
2016-02-01T00:00:00Z,0.9587378400087264,96682,100843,0.8633993743482794,NA,NA,NA,2015-16,2022-02-01
2016-02-02T00:00:00Z,0.9597334706243441,96935,101002,0.8785583703316793,NA,NA,NA,2015-16,2022-02-02
2016-02-03T00:00:00Z,0.9593940355959444,96705,100798,0.8766200103680664,NA,NA,NA,2015-16,2022-02-03
2016-02-04T00:00:00Z,0.9588804773599074,94490,98542,0.884,NA,NA,NA,2015-16,2022-02-04
2016-02-05T00:00:00Z,0.9490994128769031,95375,100490,0.8392577104025092,NA,NA,NA,2015-16,2022-02-05
2016-02-08T00:00:00Z,0.9581964292783341,96820,101044,0.8706829394962348,NA,NA,NA,2015-16,2022-02-08
2016-02-09T00:00:00Z,0.9581738492354679,96628,100846,0.8730819245773732,NA,NA,NA,2015-16,2022-02-09
2016-02-10T00:00:00Z,0.953253768095796,96006,100714,0.8780234070221067,NA,NA,NA,2015-16,2022-02-10
2016-02-11T00:00:00Z,0.9524164900444789,95715,100497,0.8656755346896192,NA,NA,NA,2015-16,2022-02-11
2016-02-12T00:00:00Z,0.946574601138459,94453,99784,0.8298319327731093,NA,NA,NA,2015-16,2022-02-12
2016-02-15T00:00:00Z,0.9536954407355787,95113,99731,0.8626936203728013,NA,NA,NA,2015-16,2022-02-15
2016-02-16T00:00:00Z,0.9519272238548488,94910,99703,0.8725182863113897,NA,NA,NA,2015-16,2022-02-16
2016-02-17T00:00:00Z,0.9518523713157947,95012,99818,0.8600156698876992,NA,NA,NA,2015-16,2022-02-17
2016-02-18T00:00:00Z,0.9486714062421218,94075,99165,0.8470002619858528,NA,NA,NA,2015-16,2022-02-18
2016-02-19T00:00:00Z,0.9496716844148139,94442,99447,0.8415605095541401,NA,NA,NA,2015-16,2022-02-19
2016-02-22T00:00:00Z,0.9581178239069592,96882,101117,0.8689798032107716,NA,NA,NA,2015-16,2022-02-22
2016-02-23T00:00:00Z,0.9593544293758427,96772,100872,0.8837088837088837,NA,NA,NA,2015-16,2022-02-23
2016-02-24T00:00:00Z,0.9592355423181931,96619,100725,0.8782766675317935,NA,NA,NA,2015-16,2022-02-24
2016-02-25T00:00:00Z,0.9578456891926799,96411,100654,0.8865872604867944,NA,NA,NA,2015-16,2022-02-25
2016-02-26T00:00:00Z,0.9490115909812639,95630,100768,0.8381998392713635,NA,NA,NA,2015-16,2022-02-26
